"duration","credit","rate","residence","age","nocredit","liable","TNM_check_status","TNM_history","TNM_purpose","TNM_bonds","TNM_jobex","TNM_s_status","TNM_guarantor","TNM_property","TNM_install","TNM_house","TNM_job","TNM_ph","TNM_nri","R01_credibility"
27,4526,4,2,32,2,2,4,5,4,4,2,3,1,1,2,2,2,2,1,0
45,11816,2,4,29,2,1,1,1,10,1,5,3,1,3,3,1,3,1,1,1
24,11938,2,3,39,2,2,2,5,3,1,3,3,2,3,3,2,4,2,1,1
24,11938,2,3,39,2,2,2,5,3,1,3,3,2,3,3,2,4,2,1,1
24,11938,2,3,39,2,2,2,5,3,1,3,3,2,3,3,2,4,2,1,1
4,1494,1,2,29,1,2,3,3,1,5,2,3,1,1,3,2,2,1,2,0
24,1371,4,4,25,1,1,1,3,1,5,3,2,1,1,3,1,3,1,1,1
9,1980,2,2,19,2,1,4,3,4,1,2,2,2,3,3,1,3,1,1,1
9,1980,2,2,19,2,1,4,3,4,1,2,2,2,3,3,1,3,1,1,1
18,1582,4,4,46,2,1,4,5,5,4,5,3,1,3,3,2,3,1,1,0
12,1123,4,4,29,1,1,4,3,4,3,3,2,1,3,3,1,2,1,1,1
12,1123,4,4,29,1,1,4,3,4,3,3,2,1,3,3,1,2,1,1,1
12,1123,4,4,29,1,1,4,3,4,3,3,2,1,3,3,1,2,1,1,1
12,1123,4,4,29,1,1,4,3,4,3,3,2,1,3,3,1,2,1,1,1
12,1123,4,4,29,1,1,4,3,4,3,3,2,1,3,3,1,2,1,1,1
12,1123,4,4,29,1,1,4,3,4,3,3,2,1,3,3,1,2,1,1,1
12,804,4,4,38,1,1,4,3,5,1,5,3,1,3,3,2,3,1,1,0
60,15653,2,4,21,2,1,4,4,5,1,4,3,1,3,3,2,3,2,1,0
10,7308,2,4,70,1,1,2,3,1,1,1,3,1,4,1,3,4,2,1,0
18,1049,4,4,21,1,1,1,5,4,1,2,2,1,2,3,1,3,1,1,0
21,1835,3,2,25,2,1,1,3,5,1,3,2,1,1,3,2,3,2,1,1
10,894,4,3,40,1,1,4,3,9,5,4,2,1,2,3,2,3,2,1,0
12,1344,4,2,43,2,2,1,4,1,1,3,3,1,1,3,2,2,1,1,0
42,3965,4,3,34,1,1,1,3,5,1,2,3,1,3,3,2,3,1,1,1
42,3965,4,3,34,1,1,1,3,5,1,2,3,1,3,3,2,3,1,1,1
48,3931,4,4,46,1,2,1,3,1,1,4,3,1,4,3,3,3,1,1,1
21,2767,4,2,61,2,1,2,3,10,2,5,1,1,3,1,1,2,1,1,1
21,2767,4,2,61,2,1,2,3,10,2,5,1,1,3,1,1,2,1,1,1
21,2767,4,2,61,2,1,2,3,10,2,5,1,1,3,1,1,2,1,1,1
8,1237,3,4,24,1,1,2,3,4,1,3,2,1,1,3,2,3,1,1,1
8,1237,3,4,24,1,1,2,3,4,1,3,2,1,1,3,2,3,1,1,1
8,1237,3,4,24,1,1,2,3,4,1,3,2,1,1,3,2,3,1,1,1
8,1237,3,4,24,1,1,2,3,4,1,3,2,1,1,3,2,3,1,1,1
8,1237,3,4,24,1,1,2,3,4,1,3,2,1,1,3,2,3,1,1,1
48,2751,4,3,38,2,2,4,5,2,5,5,3,1,3,3,2,3,2,1,0
30,4530,4,4,26,1,1,4,5,5,1,4,2,1,3,3,1,4,2,1,0
24,3345,4,2,39,1,1,1,3,4,1,5,3,1,2,3,1,4,2,1,1
24,3345,4,2,39,1,1,1,3,4,1,5,3,1,2,3,1,4,2,1,1
24,3345,4,2,39,1,1,1,3,4,1,5,3,1,2,3,1,4,2,1,1
6,1238,4,4,36,1,2,4,3,9,5,1,3,1,2,3,2,4,2,1,0
24,1925,2,2,26,1,1,3,3,4,1,3,3,1,1,3,2,3,1,1,0
60,7297,4,4,36,1,1,1,3,10,1,5,3,2,4,3,1,3,1,1,1
24,3123,4,1,27,1,1,1,3,1,1,2,2,1,2,3,2,3,1,1,1
24,3123,4,1,27,1,1,1,3,1,1,2,2,1,2,3,2,3,1,1,1
24,3123,4,1,27,1,1,1,3,1,1,2,2,1,2,3,2,3,1,1,1
48,6416,4,3,59,1,1,2,2,10,1,5,2,1,4,3,1,3,1,1,1
48,6416,4,3,59,1,1,2,2,10,1,5,2,1,4,3,1,3,1,1,1
48,6416,4,3,59,1,1,2,2,10,1,5,2,1,4,3,1,3,1,1,1
48,6416,4,3,59,1,1,2,2,10,1,5,2,1,4,3,1,3,1,1,1
48,6416,4,3,59,1,1,2,2,10,1,5,2,1,4,3,1,3,1,1,1
30,7596,1,4,63,2,1,4,5,2,5,5,3,1,3,3,2,3,1,1,0
24,6579,4,2,29,1,1,1,3,2,1,1,3,1,4,3,3,4,2,1,0
12,2171,2,2,29,1,1,4,3,5,1,2,2,1,3,1,2,3,1,1,0
30,3622,4,4,57,2,1,1,3,4,4,5,2,1,2,3,1,3,2,1,0
36,2384,4,1,33,1,1,2,3,7,1,2,3,1,4,3,1,2,1,1,1
36,2384,4,1,33,1,1,2,3,7,1,2,3,1,4,3,1,2,1,1,1
18,3509,4,1,25,1,1,1,3,5,1,4,2,3,1,3,2,3,1,1,0
8,3398,1,4,39,2,1,1,5,1,1,4,3,1,1,3,2,2,1,2,0
24,1381,4,2,35,1,1,1,3,1,5,3,2,1,2,3,2,3,1,1,1
24,1381,4,2,35,1,1,1,3,1,5,3,2,1,2,3,2,3,1,1,1
24,1381,4,2,35,1,1,1,3,1,5,3,2,1,2,3,2,3,1,1,1
24,1381,4,2,35,1,1,1,3,1,5,3,2,1,2,3,2,3,1,1,1
18,1028,4,3,36,2,1,4,5,1,1,3,2,1,1,3,2,3,1,1,0
9,1478,4,2,22,1,1,4,3,5,1,4,3,1,3,3,2,3,1,1,1
9,1236,1,4,23,1,1,4,3,6,1,2,2,1,1,3,1,3,2,1,0
12,2149,4,1,29,1,1,1,2,5,1,3,1,1,4,3,3,3,1,1,1
12,2149,4,1,29,1,1,1,2,5,1,3,1,1,4,3,3,3,1,1,1
12,2149,4,1,29,1,1,1,2,5,1,3,1,1,4,3,3,3,1,1,1
12,2149,4,1,29,1,1,1,2,5,1,3,1,1,4,3,3,3,1,1,1
12,2149,4,1,29,1,1,1,2,5,1,3,1,1,4,3,3,3,1,1,1
21,3652,2,3,27,2,1,2,5,10,1,4,3,1,2,3,2,3,1,1,0
24,1469,4,4,41,1,1,4,3,1,2,5,4,1,1,3,1,2,1,1,0
18,3114,1,4,26,1,1,1,1,4,1,2,2,1,2,3,1,3,1,1,1
24,2333,4,2,29,1,1,2,4,4,5,2,3,1,2,1,2,2,1,1,0
12,1804,3,4,44,1,1,2,5,2,2,2,3,1,2,3,2,3,1,1,0
18,976,1,2,23,1,1,1,3,1,1,2,2,1,3,3,2,2,1,1,1
24,7758,2,4,29,1,1,2,5,2,4,5,2,1,4,3,1,3,1,1,0
18,2124,4,4,24,2,1,1,5,4,1,3,2,1,1,3,1,3,1,1,1
18,2124,4,4,24,2,1,1,5,4,1,3,2,1,1,3,1,3,1,1,1
18,2124,4,4,24,2,1,1,5,4,1,3,2,1,1,3,1,3,1,1,1
18,2124,4,4,24,2,1,1,5,4,1,3,2,1,1,3,1,3,1,1,1
15,1300,4,4,45,1,2,4,3,2,5,5,3,1,4,1,3,3,1,1,0
36,3342,4,2,51,1,1,4,5,5,5,5,3,1,3,3,2,3,2,1,0
36,7432,2,2,54,1,1,2,4,1,1,3,2,1,2,3,1,3,1,1,0
72,5595,2,2,24,1,1,2,3,5,2,3,4,1,3,3,2,3,1,1,1
72,5595,2,2,24,1,1,2,3,5,2,3,4,1,3,3,2,3,1,1,1
72,5595,2,2,24,1,1,2,3,5,2,3,4,1,3,3,2,3,1,1,1
72,5595,2,2,24,1,1,2,3,5,2,3,4,1,3,3,2,3,1,1,1
24,1967,4,4,20,1,1,2,3,5,1,5,2,1,3,3,2,3,2,1,0
24,1597,4,4,54,2,2,4,5,8,1,5,3,1,4,3,3,3,1,1,0
12,3565,2,1,37,2,2,4,5,8,5,2,3,1,2,3,2,2,1,1,0
60,13756,2,4,63,1,1,4,5,1,5,5,3,1,4,1,3,4,2,1,0
12,6078,2,2,32,1,1,2,3,1,1,4,3,1,3,3,2,3,1,1,0
36,10974,4,2,26,2,1,4,3,4,1,1,2,1,3,3,2,4,2,1,1
36,10974,4,2,26,2,1,4,3,4,1,1,2,1,3,3,2,4,2,1,1
36,10974,4,2,26,2,1,4,3,4,1,1,2,1,3,3,2,4,2,1,1
36,10974,4,2,26,2,1,4,3,4,1,1,2,1,3,3,2,4,2,1,1
12,3617,1,4,28,3,1,2,5,4,1,5,3,1,3,3,1,3,2,1,0
24,1585,4,3,40,2,1,4,5,4,1,4,3,1,2,3,2,3,1,1,0
12,1412,4,2,29,2,1,4,5,10,1,3,2,3,1,3,2,4,2,1,0
18,2278,3,3,28,2,1,2,1,1,2,2,2,1,3,3,2,3,1,1,1
18,2278,3,3,28,2,1,2,1,1,2,2,2,1,3,3,2,3,1,1,1
18,2278,3,3,28,2,1,2,1,1,2,2,2,1,3,3,2,3,1,1,1
18,2278,3,3,28,2,1,2,1,1,2,2,2,1,3,3,2,3,1,1,1
18,1887,4,4,28,2,1,2,5,10,5,3,4,1,1,1,2,3,1,1,0
18,4165,2,2,36,2,2,4,1,10,1,3,3,1,3,2,2,3,1,1,1
18,4165,2,2,36,2,2,4,1,10,1,3,3,1,3,2,2,3,1,1,1
48,5096,2,3,30,1,1,2,5,4,1,3,2,1,3,3,2,4,2,1,1
48,5096,2,3,30,1,1,2,5,4,1,3,2,1,3,3,2,4,2,1,1
6,1538,1,2,56,1,1,4,3,8,1,2,2,1,4,3,2,3,1,1,0
18,8471,1,2,23,2,1,1,4,8,5,3,2,1,3,3,1,3,2,1,0
6,1204,4,1,35,1,1,4,1,1,2,3,3,1,4,1,1,3,1,2,0
42,7166,2,4,29,1,1,4,3,5,5,4,4,1,2,3,1,3,2,1,0
30,4811,2,4,24,1,1,4,3,2,5,4,2,1,2,2,1,2,1,1,0
6,1740,2,2,30,2,1,4,5,5,1,5,4,1,1,3,1,3,1,1,0
30,4272,2,2,26,2,1,4,4,10,2,3,3,1,2,3,2,2,1,1,0
12,1274,3,1,37,1,1,1,3,1,1,2,2,1,1,3,2,2,1,1,1
18,3104,3,1,31,1,1,1,1,10,1,4,3,1,2,1,2,3,2,1,0
12,7472,1,2,24,1,1,2,3,1,5,1,2,1,1,3,1,1,1,1,0
27,5190,4,4,48,4,2,4,3,7,5,5,3,1,2,3,2,3,2,1,0
12,1410,2,2,31,1,1,2,1,9,1,3,3,1,1,3,2,2,2,1,0
24,2375,4,2,44,2,2,4,4,10,3,3,3,1,3,3,2,3,2,1,0
12,1402,3,4,37,1,1,4,5,4,3,4,2,1,3,3,1,3,2,1,0
36,2394,4,4,25,1,1,4,3,5,5,3,2,1,3,3,2,3,1,1,0
18,3229,2,4,38,1,1,4,5,2,5,1,3,1,4,3,2,4,2,1,0
24,2439,4,4,35,1,1,1,3,5,1,2,2,1,1,3,2,3,2,1,1
24,2439,4,4,35,1,1,1,3,5,1,2,2,1,1,3,2,3,2,1,1
12,3016,3,1,24,1,1,3,3,5,1,3,4,1,3,3,2,3,1,1,0
60,14027,4,2,27,1,1,2,3,1,1,4,3,1,4,3,2,4,2,1,1
21,3599,1,4,26,1,1,1,3,4,1,4,2,1,3,3,1,2,1,1,0
18,1445,4,4,49,1,1,3,2,5,5,4,3,1,3,1,2,2,1,1,0
6,2116,2,2,41,1,1,3,3,4,1,3,3,1,1,3,2,3,2,1,0
30,1908,4,4,66,1,1,3,4,10,1,5,3,1,1,3,2,4,2,1,1
24,1965,4,4,42,2,1,2,4,1,5,3,2,1,3,3,1,3,2,1,0
48,10127,2,2,44,1,1,4,5,1,3,3,3,1,4,1,3,3,1,1,1
48,10127,2,2,44,1,1,4,5,1,3,3,3,1,4,1,3,3,1,1,1
18,2864,2,1,34,1,2,3,3,4,1,3,3,1,1,3,2,2,1,1,1
18,2864,2,1,34,1,2,3,3,4,1,3,3,1,1,3,2,2,1,1,1
18,2404,2,2,26,2,1,4,5,5,1,3,2,1,3,3,2,3,1,1,0
15,1478,4,3,33,2,1,4,4,5,1,3,4,1,1,1,2,3,1,1,0
12,763,4,1,26,1,1,4,3,4,1,3,2,1,1,3,2,3,2,1,0
48,7119,3,4,53,2,2,1,1,4,1,3,3,1,4,3,3,3,1,1,1
48,7119,3,4,53,2,2,1,1,4,1,3,3,1,4,3,3,3,1,1,1
48,7119,3,4,53,2,2,1,1,4,1,3,3,1,4,3,3,3,1,1,1
30,1715,4,1,26,1,1,2,3,5,5,3,2,1,3,3,2,3,1,1,0
24,6568,2,2,21,1,1,1,3,10,1,3,4,1,3,2,2,2,1,1,0
27,2442,4,4,43,4,2,1,5,10,1,5,3,1,3,2,2,4,2,1,0
9,2118,2,2,37,1,2,2,3,5,1,3,3,1,1,3,2,2,1,1,0
18,3190,2,2,24,1,1,1,3,5,1,3,2,1,1,3,2,3,1,1,1
18,3190,2,2,24,1,1,1,3,5,1,3,2,1,1,3,2,3,1,1,1
48,14421,2,2,25,1,1,2,1,10,1,3,3,1,3,3,2,3,2,1,1
48,14421,2,2,25,1,1,2,1,10,1,3,3,1,3,3,2,3,2,1,1
48,14421,2,2,25,1,1,2,1,10,1,3,3,1,3,3,2,3,2,1,1
48,14421,2,2,25,1,1,2,1,10,1,3,3,1,3,3,2,3,2,1,1
10,1225,2,2,37,1,1,3,3,6,1,3,3,1,3,3,2,3,2,1,0
36,3079,4,4,36,1,1,4,3,1,5,3,3,1,1,3,2,3,1,1,0
13,882,4,4,23,2,1,2,5,5,1,2,3,3,1,3,2,3,1,1,0
9,1337,4,2,34,2,1,3,1,5,1,2,3,1,3,3,2,4,2,1,1
18,3213,1,3,25,1,1,2,3,5,3,2,4,1,1,3,1,3,1,1,0
36,8086,2,4,42,4,1,2,4,1,2,5,3,1,3,3,2,4,2,1,1
36,8086,2,4,42,4,1,2,4,1,2,5,3,1,3,3,2,4,2,1,1
48,7629,4,2,46,2,2,4,5,10,5,5,1,1,3,1,2,4,1,1,0
30,2406,4,4,23,1,1,1,3,4,1,4,2,1,1,3,1,3,1,1,1
30,2406,4,4,23,1,1,1,3,4,1,4,2,1,1,3,1,3,1,1,1
30,11998,1,1,34,1,1,1,3,7,1,2,1,1,4,3,2,2,2,1,1
30,11998,1,1,34,1,1,1,3,7,1,2,1,1,4,3,2,2,2,1,1
15,3812,1,4,23,1,1,4,3,2,2,2,2,1,3,3,2,3,2,1,0
24,3617,4,4,20,2,1,3,5,4,5,5,3,2,4,3,1,3,1,1,0
33,7253,3,2,35,2,1,4,5,2,1,4,3,1,3,3,2,4,2,1,0
24,3235,3,2,26,1,1,4,3,5,3,5,1,1,3,3,2,4,2,1,0
27,5965,1,2,30,2,1,2,4,2,1,5,3,1,3,3,2,4,2,1,0
48,6758,3,2,31,1,1,1,3,5,1,3,2,1,3,3,2,3,2,1,1
48,6758,3,2,31,1,1,1,3,5,1,3,2,1,3,3,2,3,2,1,1
48,6758,3,2,31,1,1,1,3,5,1,3,2,1,3,3,2,3,2,1,1
48,6758,3,2,31,1,1,1,3,5,1,3,2,1,3,3,2,3,2,1,1
36,3446,4,2,42,1,2,1,3,4,1,5,3,1,3,3,2,3,1,1,1
24,1333,4,2,43,2,2,1,4,1,1,1,3,1,1,3,3,3,1,1,1
24,1333,4,2,43,2,2,1,4,1,1,1,3,1,1,3,3,3,1,1,1
24,1333,4,2,43,2,2,1,4,1,1,1,3,1,1,3,3,3,1,1,1
24,1333,4,2,43,2,2,1,4,1,1,1,3,1,1,3,3,3,1,1,1
24,1333,4,2,43,2,2,1,4,1,1,1,3,1,1,3,3,3,1,1,1
6,3676,1,3,37,3,2,1,5,1,1,3,3,1,1,3,1,3,1,1,0
18,6361,2,1,41,1,1,2,5,4,1,5,3,1,4,3,2,3,2,1,0
36,5800,3,4,34,2,1,2,5,2,1,3,3,1,3,3,2,3,2,1,0
24,2032,4,4,60,2,1,4,4,1,1,5,3,1,4,3,3,3,2,1,0
15,1514,4,2,22,1,1,2,3,7,2,3,3,3,1,3,2,3,1,1,0
21,5248,1,3,26,1,1,4,3,2,5,3,3,1,3,3,2,3,1,1,0
18,1245,4,2,33,1,1,2,5,5,1,3,4,1,3,3,2,3,1,1,1
24,2718,3,4,20,1,1,2,3,1,1,3,2,1,2,3,1,2,2,1,1
48,6143,4,4,58,2,1,1,5,2,1,5,2,1,4,2,3,2,1,1,1
10,781,4,4,63,2,1,3,5,1,1,5,3,1,4,3,3,3,2,1,0
6,3384,1,4,44,1,1,1,5,4,1,3,1,1,1,3,1,4,2,1,1
6,3384,1,4,44,1,1,1,5,4,1,3,1,1,1,3,1,4,2,1,1
12,797,4,3,33,1,2,4,5,5,5,5,2,1,2,1,2,2,1,1,1
12,797,4,3,33,1,2,4,5,5,5,5,2,1,2,1,2,2,1,1,1
30,2503,4,2,41,2,1,2,4,10,2,5,3,1,2,2,2,3,1,1,0
12,1858,4,1,22,1,1,1,3,4,1,2,2,1,3,3,1,3,1,1,0
15,5324,1,4,35,1,1,4,3,1,3,5,2,1,4,3,3,3,1,1,0
24,3488,3,4,23,1,1,4,3,2,2,4,2,1,3,3,2,3,1,1,0
12,1372,2,3,36,1,1,1,3,1,1,4,1,1,3,3,2,3,1,1,1
12,1372,2,3,36,1,1,1,3,1,1,4,1,1,3,3,2,3,1,1,1
12,1372,2,3,36,1,1,1,3,1,1,4,1,1,3,3,2,3,1,1,1
45,1845,4,4,23,1,1,1,3,5,1,3,3,1,4,3,3,3,2,1,1
13,1797,3,1,28,2,1,1,5,10,1,2,3,1,2,1,2,2,1,1,0
21,1572,4,4,36,1,1,4,3,10,4,5,2,1,1,1,2,2,1,1,0
12,2930,2,1,27,1,1,2,3,5,1,4,2,1,1,3,2,3,1,1,0
48,7685,2,4,37,1,1,1,2,10,1,4,2,3,3,3,1,3,1,1,1
48,7685,2,4,37,1,1,1,2,10,1,4,2,3,3,3,1,3,1,1,1
48,7685,2,4,37,1,1,1,2,10,1,4,2,3,3,3,1,3,1,1,1
48,7685,2,4,37,1,1,1,2,10,1,4,2,3,3,3,1,3,1,1,1
4,1503,2,1,42,2,2,4,5,5,1,4,3,1,1,3,2,2,1,1,0
48,7476,4,1,50,1,1,1,3,8,1,4,3,1,4,3,3,4,2,1,0
48,10297,4,4,39,3,2,1,3,2,1,4,3,1,4,2,3,3,2,1,1
48,10297,4,4,39,3,2,1,3,2,1,4,3,1,4,2,3,3,2,1,1
48,10297,4,4,39,3,2,1,3,2,1,4,3,1,4,2,3,3,2,1,1
6,1209,4,4,47,1,1,2,4,1,1,1,3,1,2,3,2,4,2,1,1
6,1209,4,4,47,1,1,2,4,1,1,1,3,1,2,3,2,4,2,1,1
6,1743,1,2,34,2,1,4,4,10,2,3,3,1,1,3,2,2,1,1,0
24,4870,3,4,53,2,2,1,4,1,1,3,3,1,4,3,3,3,1,1,1
24,4870,3,4,53,2,2,1,4,1,1,3,3,1,4,3,3,3,1,1,1
12,1108,4,3,28,2,1,1,1,7,1,4,3,1,1,3,2,3,1,1,1
45,3031,4,4,21,1,1,2,3,5,2,3,3,3,2,3,1,3,1,1,1
45,3031,4,4,21,1,1,2,3,5,2,3,3,3,2,3,1,3,1,1,1
48,6999,1,1,34,2,1,1,3,5,1,4,4,3,1,3,2,3,2,1,1
15,3186,2,3,20,1,1,4,3,1,4,4,2,1,3,3,1,3,1,1,0
36,6304,4,4,36,2,1,4,5,10,5,5,3,1,1,3,2,3,1,1,0
18,1984,4,4,47,2,1,4,3,4,1,3,3,1,4,1,3,3,1,1,0
11,1393,4,4,35,2,1,4,5,1,1,2,2,1,3,3,2,4,1,1,0
24,6314,4,2,27,2,1,4,5,3,1,1,3,2,4,1,2,4,2,1,0
12,1860,4,2,34,2,1,2,5,2,1,1,3,1,3,3,2,4,2,1,0
24,3777,4,4,50,1,1,4,5,4,4,3,3,1,1,3,2,3,2,1,0
6,428,2,1,49,1,1,1,3,4,1,5,2,1,2,1,2,3,2,1,0
9,3577,1,2,26,1,2,4,3,1,2,3,3,3,1,3,1,3,1,2,0
24,6872,2,1,55,1,1,1,2,4,1,2,1,1,2,1,2,3,2,1,1
24,6872,2,1,55,1,1,1,2,4,1,2,1,1,2,1,2,3,2,1,1
24,6872,2,1,55,1,1,1,2,4,1,2,1,1,2,1,2,3,2,1,1
24,3092,3,2,22,1,1,2,3,5,2,2,4,1,3,3,1,3,2,1,1
24,3092,3,2,22,1,1,2,3,5,2,2,4,1,3,3,1,3,2,1,1
15,1271,3,4,39,2,1,3,5,5,5,3,3,1,4,3,3,3,2,1,1
15,1271,3,4,39,2,1,3,5,5,5,3,3,1,4,3,3,3,2,1,1
39,8588,4,2,45,1,1,4,3,2,2,5,3,1,3,3,2,4,2,1,0
24,4020,2,2,27,1,1,1,3,4,1,3,3,1,3,2,2,3,1,1,0
15,1478,4,4,44,2,2,1,5,4,1,5,3,1,3,3,2,3,2,1,0
12,585,4,4,20,2,1,2,4,5,1,3,4,2,1,3,1,3,1,1,0
30,3077,3,2,40,2,2,4,5,5,5,5,3,1,3,3,2,3,2,1,0
9,2301,2,4,22,1,1,4,3,4,2,2,2,1,2,3,1,3,1,1,0
18,1190,2,4,55,3,2,1,5,7,1,1,2,1,4,3,3,1,1,1,1
6,1346,2,4,42,1,2,4,3,5,2,5,3,1,4,1,3,3,2,1,0
15,2631,3,2,25,1,1,2,3,7,2,3,2,1,1,3,2,2,1,1,0
20,2235,4,2,33,2,1,1,5,1,1,3,4,3,2,1,1,3,1,2,1
20,2235,4,2,33,2,1,1,5,1,1,3,4,3,2,1,1,3,1,2,1
12,996,4,4,23,2,1,4,5,7,5,4,2,1,1,3,2,3,1,1,0
36,12389,1,4,37,1,1,2,3,1,5,3,3,1,4,3,3,3,2,1,1
24,2670,4,4,35,1,1,4,3,2,1,5,3,1,3,3,2,4,2,1,0
24,3632,1,4,22,1,1,1,2,2,1,3,2,3,3,1,1,3,1,2,0
24,1231,4,4,57,2,1,1,5,5,4,5,2,1,2,3,1,4,2,1,0
12,2577,2,1,42,1,1,1,3,4,1,3,1,1,3,3,2,3,1,1,0
6,1169,4,4,67,2,1,1,5,5,5,5,3,1,1,3,2,3,2,1,0
21,2782,1,2,31,1,1,4,3,1,3,4,2,1,3,1,2,4,1,1,0
60,6288,4,4,42,1,1,2,3,8,1,3,3,1,4,3,3,3,1,1,1
60,6288,4,4,42,1,1,2,3,8,1,3,3,1,4,3,3,3,1,1,1
60,6288,4,4,42,1,1,2,3,8,1,3,3,1,4,3,3,3,1,1,1
60,6288,4,4,42,1,1,2,3,8,1,3,3,1,4,3,3,3,1,1,1
9,458,4,3,24,1,1,2,3,5,1,3,3,1,1,3,2,3,1,1,0
36,2671,4,4,50,1,1,2,3,5,2,3,2,2,4,3,3,3,1,1,1
36,2671,4,4,50,1,1,2,3,5,2,3,2,2,4,3,3,3,1,1,1
36,2671,4,4,50,1,1,2,3,5,2,3,2,2,4,3,3,3,1,1,1
36,2671,4,4,50,1,1,2,3,5,2,3,2,2,4,3,3,3,1,1,1
36,2671,4,4,50,1,1,2,3,5,2,3,2,2,4,3,3,3,1,1,1
12,1158,3,1,26,1,1,2,3,5,3,3,1,1,3,3,2,3,2,1,0
36,8947,3,2,31,1,2,4,4,2,5,4,3,1,3,2,2,4,2,1,0
18,1808,4,1,22,1,1,4,4,4,1,4,2,1,1,3,2,3,1,1,1
18,1808,4,1,22,1,1,4,4,4,1,4,2,1,1,3,2,3,1,1,1
30,3857,4,4,40,1,1,1,3,2,1,3,1,1,2,3,2,4,2,1,0
21,3275,1,4,36,1,1,4,5,2,1,5,3,1,3,3,2,4,2,1,0
10,2241,1,3,48,2,2,1,5,1,1,2,3,1,1,3,1,2,1,2,0
24,2828,4,4,22,1,1,1,2,4,3,3,3,1,1,2,2,3,2,1,0
15,1569,4,4,34,1,2,4,2,5,2,5,3,1,3,1,2,2,1,1,0
21,3357,4,2,29,1,1,1,3,5,4,2,2,1,3,1,2,3,1,1,0
12,684,4,4,40,1,2,1,3,8,1,3,3,1,3,3,1,2,1,1,1
12,684,4,4,40,1,2,1,3,8,1,3,3,1,3,3,1,2,1,1,1
24,6842,2,4,46,2,2,4,5,2,5,3,3,1,2,3,2,4,2,1,0
24,2812,2,4,26,1,1,1,3,2,5,5,2,1,1,3,1,3,1,1,0
15,2186,1,4,33,1,1,4,3,4,5,4,2,1,1,1,1,2,1,1,0
42,7174,4,3,30,1,1,1,3,5,5,4,2,1,3,3,2,4,2,1,1
42,7174,4,3,30,1,1,1,3,5,5,4,2,1,3,3,2,4,2,1,1
24,1258,3,3,57,1,1,3,3,5,3,3,2,1,3,3,2,2,1,1,0
9,1449,3,2,27,2,1,4,3,10,1,4,2,1,3,3,2,3,1,1,0
30,3441,2,4,21,1,1,2,3,4,2,3,2,2,3,3,1,3,1,1,1
30,3441,2,4,21,1,1,2,3,4,2,3,2,2,3,3,1,3,1,1,1
12,759,4,2,26,1,1,1,3,1,1,4,3,1,1,3,2,3,1,1,1
12,759,4,2,26,1,1,1,3,1,1,4,3,1,1,3,2,3,1,1,1
12,759,4,2,26,1,1,1,3,1,1,4,3,1,1,3,2,3,1,1,1
24,2910,2,1,34,1,1,1,3,2,1,4,3,1,4,3,3,4,2,1,0
12,1680,3,1,35,1,1,1,3,5,3,5,4,1,1,3,2,3,1,1,0
12,1409,4,3,54,1,1,1,5,2,1,5,3,1,1,3,2,3,1,1,0
10,1287,4,2,45,1,1,4,3,1,5,5,3,2,2,3,2,2,1,2,0
21,12680,4,4,30,1,1,4,5,1,5,5,3,1,4,3,3,4,2,1,1
9,5129,2,4,74,1,2,2,2,2,1,5,2,1,4,1,3,4,2,1,1
9,5129,2,4,74,1,2,2,2,2,1,5,2,1,4,1,3,4,2,1,1
24,1413,4,2,28,1,1,4,3,5,1,3,4,1,2,3,2,3,1,1,0
12,2002,3,4,30,1,2,2,3,1,1,4,3,1,2,3,1,3,2,1,0
12,1474,4,1,33,1,1,3,3,4,1,2,2,1,2,1,2,4,2,1,0
48,7582,2,4,31,1,1,2,4,3,2,1,3,1,4,3,3,4,2,1,0
18,1473,3,4,39,1,1,4,3,5,1,2,4,1,1,3,2,3,2,1,0
12,2859,4,4,38,1,1,4,3,1,5,1,3,1,4,3,2,4,2,1,0
24,2058,4,2,33,2,1,4,5,7,1,3,1,1,1,3,2,3,2,1,0
24,2978,4,4,32,2,2,4,4,10,5,3,3,1,1,3,2,3,2,1,0
30,2831,4,2,33,1,1,4,5,5,1,3,2,1,3,3,2,3,2,1,0
18,1216,4,3,23,1,1,1,3,1,1,2,2,1,3,3,1,3,2,1,1
18,1216,4,3,23,1,1,1,3,1,1,2,2,1,3,3,1,3,2,1,1
18,1216,4,3,23,1,1,1,3,1,1,2,2,1,3,3,1,3,2,1,1
7,846,3,4,36,1,1,4,4,5,5,5,3,1,4,3,3,3,1,1,0
36,6229,4,4,23,2,1,1,5,4,1,2,2,2,4,3,1,2,2,1,1
36,6229,4,4,23,2,1,1,5,4,1,2,2,2,4,3,1,2,2,1,1
36,6229,4,4,23,2,1,1,5,4,1,2,2,2,4,3,1,2,2,1,1
24,2255,4,1,54,1,1,4,3,1,5,2,3,1,2,3,2,3,1,1,0
12,1480,2,4,66,3,1,3,5,1,3,1,3,1,4,1,3,1,1,1,0
12,701,4,2,32,2,1,4,5,8,1,3,3,1,3,3,2,3,1,1,0
4,1455,2,1,42,3,2,4,5,1,1,4,3,1,1,3,2,2,1,1,0
8,760,4,2,44,1,1,2,3,5,1,4,2,3,1,3,2,2,1,1,0
7,2415,3,2,34,1,1,2,3,5,1,3,3,3,1,3,2,3,1,1,0
12,886,4,2,21,1,1,4,3,5,5,3,2,1,3,3,2,3,1,1,0
11,2142,1,2,28,1,1,4,3,10,4,5,1,1,1,3,2,3,2,1,0
24,1552,3,1,32,1,2,4,3,5,1,4,3,1,3,1,2,3,1,1,0
10,1521,4,2,31,1,1,2,3,4,1,3,1,1,3,3,2,2,1,1,0
48,12749,4,1,37,1,1,4,4,5,3,4,3,1,3,3,2,4,2,1,0
18,2427,4,2,42,2,1,2,4,10,5,5,3,1,2,3,2,3,1,1,0
21,2993,3,2,28,2,1,4,4,2,1,3,3,1,1,2,2,2,1,1,0
24,4110,3,4,23,2,2,1,1,4,1,5,3,1,4,1,1,3,1,1,1
24,4110,3,4,23,2,2,1,1,4,1,5,3,1,4,1,1,3,1,1,1
24,4110,3,4,23,2,2,1,1,4,1,5,3,1,4,1,1,3,1,1,1
15,3029,2,2,33,1,1,4,3,2,1,4,3,1,3,3,2,3,1,1,0
24,1927,3,2,33,2,1,4,5,8,5,3,2,1,3,3,2,3,2,1,0
18,1943,4,4,23,1,1,4,3,7,1,2,2,1,1,3,2,3,1,1,1
18,1943,4,4,23,1,1,4,3,7,1,2,2,1,1,3,2,3,1,1,1
18,1943,4,4,23,1,1,4,3,7,1,2,2,1,1,3,2,3,1,1,1
12,1592,3,2,35,1,1,4,5,4,4,4,2,1,2,3,2,3,1,2,0
24,5943,1,1,44,2,1,4,3,5,5,2,2,1,3,3,2,3,2,1,1
24,5943,1,1,44,2,1,4,3,5,5,2,2,1,3,3,2,3,2,1,1
24,5943,1,1,44,2,1,4,3,5,5,2,2,1,3,3,2,3,2,1,1
24,1474,4,3,33,1,1,4,3,1,2,2,4,1,1,3,2,3,2,1,0
6,1221,1,2,27,2,1,4,5,4,5,3,4,1,2,3,2,3,1,1,0
6,1554,1,2,24,2,1,4,5,5,1,4,2,1,3,3,1,3,2,1,0
24,3863,1,2,32,1,1,4,4,10,1,3,3,1,4,3,3,3,1,1,0
15,2728,4,2,35,3,1,2,5,5,5,4,3,3,1,1,2,3,2,1,0
10,1048,4,4,23,1,1,2,2,5,1,3,3,1,1,2,2,2,1,1,0
12,385,4,3,58,4,1,1,5,5,1,4,2,1,1,3,2,2,2,1,0
36,4210,4,2,26,1,1,3,3,5,1,3,3,1,3,3,2,3,1,1,1
36,4210,4,2,26,1,1,3,3,5,1,3,3,1,3,3,2,3,1,1,1
15,802,4,3,37,1,2,2,3,5,1,5,3,1,3,3,2,3,1,1,1
15,802,4,3,37,1,2,2,3,5,1,5,3,1,3,3,2,3,1,1,1
15,802,4,3,37,1,2,2,3,5,1,5,3,1,3,3,2,3,1,1,1
15,802,4,3,37,1,2,2,3,5,1,5,3,1,3,3,2,3,1,1,1
15,802,4,3,37,1,2,2,3,5,1,5,3,1,3,3,2,3,1,1,1
9,1388,4,2,26,1,1,4,3,4,1,3,2,1,1,3,1,3,1,1,0
12,2969,4,3,25,2,1,2,1,4,1,2,2,1,2,3,1,3,1,1,1
12,2969,4,3,25,2,1,2,1,4,1,2,2,1,2,3,1,3,1,1,1
12,2969,4,3,25,2,1,2,1,4,1,2,2,1,2,3,1,3,1,1,1
12,2969,4,3,25,2,1,2,1,4,1,2,2,1,2,3,1,3,1,1,1
12,2969,4,3,25,2,1,2,1,4,1,2,2,1,2,3,1,3,1,1,1
12,2969,4,3,25,2,1,2,1,4,1,2,2,1,2,3,1,3,1,1,1
9,1670,4,2,22,1,1,2,3,5,1,2,2,1,3,3,2,3,2,1,1
6,609,4,3,37,2,1,1,5,1,1,4,2,1,2,3,2,3,1,2,0
36,3913,2,2,23,1,1,3,3,5,1,3,3,1,1,3,2,3,2,1,0
18,6761,2,4,68,2,1,4,3,1,5,3,3,1,3,3,1,3,1,1,1
12,926,1,2,38,1,1,4,5,1,1,1,2,1,2,3,2,1,1,1,0
36,2746,4,4,31,1,1,1,2,4,1,5,3,1,3,1,2,3,1,1,1
36,2746,4,4,31,1,1,1,2,4,1,5,3,1,3,1,2,3,1,1,1
12,707,4,2,30,2,1,4,3,5,1,3,3,1,1,1,2,3,1,1,0
5,3448,1,4,74,1,1,4,3,10,1,4,3,1,1,3,2,2,1,1,0
24,2679,4,1,29,1,1,4,3,2,1,2,2,1,4,3,2,4,2,1,0
24,1837,4,4,34,1,1,2,2,8,1,4,2,1,4,1,3,2,1,1,1
24,1837,4,4,34,1,1,2,2,8,1,4,2,1,4,1,3,2,1,1,1
24,1837,4,4,34,1,1,2,2,8,1,4,2,1,4,1,3,2,1,1,1
21,1647,4,2,40,2,2,1,2,1,5,3,3,1,2,3,2,2,1,1,1
21,1647,4,2,40,2,2,1,2,1,5,3,3,1,2,3,2,2,1,1,1
12,1503,4,4,41,1,1,4,4,2,1,3,4,1,1,3,1,3,1,1,0
21,2923,1,1,28,1,1,3,3,1,2,3,2,1,3,1,2,4,2,1,0
24,2397,3,2,35,2,1,4,3,5,3,5,3,1,3,1,2,3,2,1,1
24,2397,3,2,35,2,1,4,3,5,3,5,3,1,3,1,2,3,2,1,1
60,10144,2,4,21,1,1,4,3,5,2,4,2,1,1,3,2,3,2,1,0
6,4611,1,4,32,1,1,4,3,4,1,2,2,1,2,3,2,3,1,1,1
36,5848,4,1,24,1,1,3,3,5,1,3,3,1,3,3,2,3,1,1,0
18,2600,4,4,65,2,1,1,3,5,1,3,3,1,4,3,3,3,1,1,1
36,2299,4,4,39,1,1,4,3,5,3,5,3,1,3,3,2,3,1,1,0
18,2659,4,2,28,1,1,1,3,4,4,3,3,1,3,3,2,3,1,1,0
4,601,1,3,23,1,2,4,3,4,1,2,2,1,1,3,1,2,1,1,0
36,3620,1,2,37,1,2,1,3,4,1,3,3,3,2,3,2,3,1,1,0
6,1595,3,2,51,1,2,4,3,5,1,4,3,1,2,3,2,3,1,1,0
24,2303,4,1,45,1,1,1,3,1,1,5,3,2,1,3,2,3,1,1,1
24,2303,4,1,45,1,1,1,3,1,1,5,3,2,1,3,2,3,1,1,1
24,2303,4,1,45,1,1,1,3,1,1,5,3,2,1,3,2,3,1,1,1
10,1924,1,4,38,1,1,4,3,5,1,3,3,1,2,3,2,3,2,2,0
22,2675,3,4,40,1,1,4,3,5,3,5,3,1,3,3,2,3,1,1,0
18,3650,1,4,22,1,1,1,3,4,1,2,2,1,3,3,1,3,1,1,0
9,3832,1,4,64,1,1,4,3,8,5,5,3,1,1,3,2,2,1,1,0
12,1881,2,2,44,1,1,3,3,5,1,3,2,1,3,3,1,2,2,1,0
10,3949,1,1,37,1,2,3,3,1,1,2,3,3,2,3,2,2,1,1,0
12,1240,4,2,38,2,1,4,5,5,5,5,2,1,1,3,2,3,2,1,0
21,2745,3,2,32,2,1,2,5,4,4,4,3,1,3,3,2,3,2,1,0
6,14896,1,4,68,1,1,1,3,1,1,5,3,1,4,1,2,4,2,1,1
6,14896,1,4,68,1,1,1,3,1,1,5,3,1,4,1,2,4,2,1,1
6,14896,1,4,68,1,1,1,3,1,1,5,3,1,4,1,2,4,2,1,1
6,14896,1,4,68,1,1,1,3,1,1,5,3,1,4,1,2,4,2,1,1
18,1056,3,3,30,2,1,2,5,1,1,5,3,3,1,1,2,3,1,1,1
18,1056,3,3,30,2,1,2,5,1,1,5,3,3,1,1,2,3,1,1,1
18,1056,3,3,30,2,1,2,5,1,1,5,3,3,1,1,2,3,1,1,1
18,1056,3,3,30,2,1,2,5,1,1,5,3,3,1,1,2,3,1,1,1
18,1056,3,3,30,2,1,2,5,1,1,5,3,3,1,1,2,3,1,1,1
18,1056,3,3,30,2,1,2,5,1,1,5,3,3,1,1,2,3,1,1,1
18,1056,3,3,30,2,1,2,5,1,1,5,3,3,1,1,2,3,1,1,1
18,1056,3,3,30,2,1,2,5,1,1,5,3,3,1,1,2,3,1,1,1
21,1591,4,3,34,2,1,4,4,4,2,4,3,1,1,3,2,4,1,1,0
9,2799,2,2,36,2,2,1,5,1,1,3,3,1,1,3,1,3,1,1,0
18,1055,4,1,30,2,1,4,5,1,1,2,2,1,2,3,2,3,1,1,0
42,4370,3,2,26,2,2,1,4,5,1,4,3,1,2,1,2,3,2,1,1
12,685,2,3,25,1,1,2,3,1,1,4,4,1,3,1,2,2,1,1,1
12,685,2,3,25,1,1,2,3,1,1,4,4,1,3,1,2,2,1,1,1
12,1318,4,4,54,1,1,2,3,1,4,5,3,1,1,3,2,3,2,1,0
10,1038,4,3,49,2,1,1,5,1,1,4,3,2,2,3,2,3,2,1,0
24,1311,4,3,26,1,1,4,3,5,2,4,4,1,2,3,2,3,2,1,0
30,3832,2,1,22,1,1,2,3,4,1,2,4,1,2,3,2,3,1,1,0
24,4817,2,3,31,1,1,1,3,1,1,4,3,2,2,3,2,3,2,1,1
24,4817,2,3,31,1,1,1,3,1,1,4,3,2,2,3,2,3,2,1,1
24,4817,2,3,31,1,1,1,3,1,1,4,3,2,2,3,2,3,2,1,1
24,4817,2,3,31,1,1,1,3,1,1,4,3,2,2,3,2,3,2,1,1
24,4817,2,3,31,1,1,1,3,1,1,4,3,2,2,3,2,3,2,1,1
18,1530,3,2,32,2,1,4,5,1,1,3,3,1,2,1,2,3,1,1,1
18,1530,3,2,32,2,1,4,5,1,1,3,3,1,2,1,2,3,1,1,1
24,1355,3,4,25,1,1,2,3,1,1,2,2,1,3,3,2,2,2,1,1
24,1355,3,4,25,1,1,2,3,1,1,2,2,1,3,3,2,2,2,1,1
24,1355,3,4,25,1,1,2,3,1,1,2,2,1,3,3,2,2,2,1,1
36,4473,4,2,31,1,1,3,3,5,1,5,3,1,3,3,2,3,1,1,0
10,2132,2,3,27,2,1,1,5,4,5,2,2,2,1,3,1,3,1,2,0
6,2080,1,2,24,1,1,4,5,1,3,3,4,1,3,3,2,3,1,1,0
16,2625,2,4,43,1,1,1,5,1,1,5,3,3,2,1,1,3,2,1,1
16,2625,2,4,43,1,1,1,5,1,1,5,3,3,2,1,1,3,2,1,1
16,2625,2,4,43,1,1,1,5,1,1,5,3,3,2,1,1,3,2,1,1
18,4439,1,1,33,1,1,2,3,10,1,5,3,2,1,1,2,4,2,1,0
24,2028,2,2,30,2,1,4,5,4,1,4,3,1,2,3,2,2,1,1,0
12,2246,3,3,60,2,1,1,5,4,1,5,3,1,2,3,2,3,1,1,1
36,4455,2,2,30,2,1,2,4,10,1,3,1,1,1,2,2,4,2,1,1
36,4455,2,2,30,2,1,2,4,10,1,3,1,1,1,2,2,4,2,1,1
36,4455,2,2,30,2,1,2,4,10,1,3,1,1,1,2,2,4,2,1,1
21,5003,1,4,29,2,1,4,1,1,5,3,2,1,2,1,2,3,2,1,1
21,5003,1,4,29,2,1,4,1,1,5,3,2,1,2,1,2,3,2,1,1
21,5003,1,4,29,2,1,4,1,1,5,3,2,1,2,1,2,3,2,1,1
21,5003,1,4,29,2,1,4,1,1,5,3,2,1,2,1,2,3,2,1,1
21,5003,1,4,29,2,1,4,1,1,5,3,2,1,2,1,2,3,2,1,1
48,6110,1,3,31,1,1,4,5,8,1,3,3,1,4,1,3,3,2,1,0
12,1223,1,1,46,2,1,2,3,1,1,5,1,1,1,3,1,3,1,1,1
12,1223,1,1,46,2,1,2,3,1,1,5,1,1,1,3,1,3,1,1,1
12,1223,1,1,46,2,1,2,3,1,1,5,1,1,1,3,1,3,1,1,1
18,6260,3,3,28,1,1,2,3,1,1,4,3,1,1,3,1,2,1,1,0
27,5117,3,4,26,2,1,4,4,10,1,4,3,1,3,3,2,3,1,1,0
9,2753,3,4,35,1,1,4,3,5,2,5,3,2,3,3,2,3,2,1,0
9,1136,4,3,32,2,2,2,5,8,4,5,3,1,4,3,3,3,1,1,1
36,5493,2,4,42,1,2,1,3,2,1,5,3,1,4,3,3,3,1,1,0
36,10875,2,2,45,2,2,4,4,1,1,5,3,1,3,3,2,3,2,1,0
24,1377,4,2,47,1,1,3,3,5,2,5,2,1,4,3,3,3,2,1,0
6,343,4,1,27,1,1,1,3,6,1,2,2,1,1,3,2,3,1,1,0
12,708,2,3,38,1,2,1,3,4,1,3,3,3,2,3,2,2,1,1,0
15,2327,2,3,25,1,1,3,3,5,1,2,2,1,1,3,2,2,1,1,1
15,2327,2,3,25,1,1,3,3,5,1,2,2,1,1,3,2,2,1,1,1
6,518,3,1,29,1,1,4,3,5,1,3,2,1,1,3,2,3,1,1,0
18,1295,4,1,27,2,1,2,5,4,1,2,2,1,2,3,2,3,1,1,0
6,250,2,2,41,2,1,4,5,1,4,3,2,1,1,1,2,2,1,1,0
24,3148,3,2,31,2,1,3,5,5,5,3,3,1,3,3,2,3,2,1,0
18,1928,2,2,31,2,1,2,5,4,1,2,3,1,1,3,2,2,1,1,1
21,2606,4,4,28,1,1,1,3,5,1,2,2,1,2,3,1,4,2,1,0
48,6331,4,4,46,2,1,1,5,2,1,5,3,1,4,3,3,3,2,1,1
24,1823,4,2,30,1,2,1,3,5,1,1,3,1,3,2,2,4,1,1,1
24,1823,4,2,30,1,2,1,3,5,1,1,3,1,3,2,2,4,1,1,1
24,1823,4,2,30,1,2,1,3,5,1,1,3,1,3,2,2,4,1,1,1
45,4576,3,4,27,1,1,2,5,2,2,1,3,1,3,3,2,3,1,1,0
12,2366,3,3,36,1,1,2,5,1,3,4,1,1,3,3,2,4,2,1,0
24,3234,4,4,23,1,1,1,3,4,1,2,2,1,1,3,1,2,2,1,1
39,14179,4,4,30,2,1,1,5,4,5,4,3,1,2,3,2,4,2,1,0
18,1800,4,2,24,2,1,4,5,5,1,3,3,1,3,3,2,3,1,1,0
15,6850,1,2,34,1,2,2,2,1,2,1,3,1,2,3,2,4,2,1,1
15,6850,1,2,34,1,2,2,2,1,2,1,3,1,2,3,2,4,2,1,1
15,6850,1,2,34,1,2,2,2,1,2,1,3,1,2,3,2,4,2,1,1
15,6850,1,2,34,1,2,2,2,1,2,1,3,1,2,3,2,4,2,1,1
24,2964,4,4,49,1,2,1,3,2,5,5,3,1,4,1,3,3,2,1,0
36,2273,3,1,32,2,2,2,3,8,1,4,3,1,3,3,2,3,1,1,0
6,1374,4,3,75,1,1,1,3,1,5,1,2,1,2,3,2,4,2,1,0
18,1950,4,1,34,2,1,4,3,10,1,4,3,1,3,2,2,3,2,1,0
36,7678,2,4,40,2,1,4,4,4,3,4,2,1,3,3,2,3,2,1,0
24,2064,3,2,34,1,1,2,4,4,1,1,2,1,2,3,2,4,2,1,1
12,2578,3,4,55,1,1,1,3,4,1,1,2,1,4,3,3,4,1,1,0
18,5302,2,4,36,3,1,1,5,1,1,5,3,1,4,3,3,4,2,1,0
18,1882,4,4,25,2,1,1,3,5,1,3,2,1,3,1,1,3,1,1,1
18,1882,4,4,25,2,1,1,3,5,1,3,2,1,3,1,1,3,1,1,1
18,1882,4,4,25,2,1,1,3,5,1,3,2,1,3,1,1,3,1,1,1
18,1882,4,4,25,2,1,1,3,5,1,3,2,1,3,1,1,3,1,1,1
18,3612,3,4,37,1,1,2,5,4,1,5,2,1,2,3,2,3,2,1,0
11,4771,2,4,51,1,1,2,4,5,1,4,3,1,2,3,2,3,1,1,0
39,11760,2,3,32,1,1,2,4,8,2,4,3,1,4,3,1,3,2,1,0
48,18424,1,2,32,1,1,2,1,3,1,3,2,1,2,1,2,4,2,2,1
48,18424,1,2,32,1,1,2,1,3,1,3,2,1,2,1,2,4,2,2,1
48,18424,1,2,32,1,1,2,1,3,1,3,2,1,2,1,2,4,2,2,1
48,18424,1,2,32,1,1,2,1,3,1,3,2,1,2,1,2,4,2,2,1
13,1409,2,4,64,1,1,4,3,5,2,1,2,1,1,3,2,3,1,1,0
30,1919,4,3,30,2,1,2,4,5,2,2,3,1,4,2,2,4,1,1,1
30,1919,4,3,30,2,1,2,4,5,2,2,3,1,4,2,2,4,1,1,1
4,1544,2,1,42,3,2,4,5,5,1,4,3,1,1,3,2,2,1,1,0
9,2136,3,2,25,1,1,1,3,4,1,3,3,1,1,3,2,3,1,1,0
15,5045,1,4,59,1,1,4,5,1,5,5,2,1,3,3,2,3,2,1,0
12,2292,4,2,42,2,1,4,5,10,1,1,3,1,3,2,2,4,2,1,1
12,2292,4,2,42,2,1,4,5,10,1,1,3,1,3,2,2,4,2,1,1
12,2292,4,2,42,2,1,4,5,10,1,1,3,1,3,2,2,4,2,1,1
12,2292,4,2,42,2,1,4,5,10,1,1,3,1,3,2,2,4,2,1,1
12,1963,4,2,31,2,2,4,3,5,1,4,3,1,3,3,1,4,2,1,0
24,2611,4,3,46,2,1,4,5,5,1,5,4,2,1,3,2,3,1,1,0
12,3124,1,3,49,2,2,2,5,1,1,2,3,1,1,1,2,2,1,1,0
24,3181,4,4,26,1,1,4,3,5,1,2,2,1,2,3,2,3,2,1,0
14,8978,1,4,45,1,1,1,3,1,1,5,1,1,2,3,2,4,2,2,1
14,8978,1,4,45,1,1,1,3,1,1,5,1,1,2,3,2,4,2,2,1
14,8978,1,4,45,1,1,1,3,1,1,5,1,1,2,3,2,4,2,2,1
14,8978,1,4,45,1,1,1,3,1,1,5,1,1,2,3,2,4,2,2,1
18,1098,4,4,65,2,1,4,5,5,1,1,2,1,3,3,2,1,1,1,0
24,4151,2,3,35,2,1,4,4,4,2,3,3,1,2,3,2,3,1,1,0
30,3656,4,4,49,2,1,3,5,5,5,5,3,1,2,2,2,2,1,1,0
24,2957,4,4,63,2,1,1,5,2,1,5,3,1,2,3,2,3,2,1,0
24,999,4,2,25,2,1,4,3,5,5,5,3,1,3,3,2,3,1,1,0
9,2507,2,4,51,1,1,4,3,1,3,5,3,1,4,3,3,2,1,1,0
6,1198,4,4,35,1,1,1,2,8,1,5,2,1,4,3,3,3,1,1,1
6,1198,4,4,35,1,1,1,2,8,1,5,2,1,4,3,3,3,1,1,1
6,683,2,1,29,1,1,3,4,5,1,2,2,1,2,1,2,3,1,1,0
18,1442,4,4,32,2,2,1,2,1,1,4,3,1,4,3,3,2,1,1,1
12,2251,1,2,46,1,1,3,3,4,1,3,2,1,3,3,2,2,1,1,0
24,11328,2,3,29,2,1,2,3,3,1,3,3,2,3,1,2,4,2,1,1
36,15857,2,3,43,1,1,1,3,3,1,1,1,2,3,3,2,4,1,1,0
9,1366,3,4,22,1,1,1,3,5,1,2,2,1,2,3,1,3,1,1,1
9,1366,3,4,22,1,1,1,3,5,1,2,2,1,2,3,1,3,1,1,1
9,1366,3,4,22,1,1,1,3,5,1,2,2,1,2,3,1,3,1,1,1
30,4583,2,2,32,2,1,1,1,4,1,3,1,3,1,3,2,3,1,1,0
18,1795,3,4,48,2,1,2,5,5,1,5,2,3,1,1,1,2,2,1,0
18,2899,4,4,43,1,2,2,4,1,5,5,3,1,3,3,2,3,1,1,0
12,1934,2,2,26,2,1,4,5,5,1,5,3,1,4,3,2,3,1,1,0
12,1107,2,2,20,1,2,1,3,5,1,3,3,1,1,3,1,4,2,1,0
24,3149,4,1,22,1,1,1,3,4,1,2,3,1,4,1,3,3,1,1,0
30,4280,4,4,26,2,1,2,1,10,2,3,2,1,3,3,1,2,1,1,1
30,4280,4,4,26,2,1,2,1,10,2,3,2,1,3,3,1,2,1,1,1
24,1282,4,2,32,1,1,1,3,5,2,3,2,1,3,3,2,2,1,1,1
18,1913,3,3,36,1,1,2,3,10,4,2,4,1,1,1,2,3,2,1,0
12,939,4,2,28,3,1,3,5,1,3,4,4,1,1,3,2,3,2,1,1
12,939,4,2,28,3,1,3,5,1,3,4,4,1,1,3,2,3,2,1,1
9,1288,3,4,48,2,2,1,5,7,2,5,3,3,1,3,2,3,1,2,0
13,2101,2,4,23,1,1,2,3,5,1,2,2,3,2,3,2,2,1,1,0
24,5103,3,3,47,3,1,4,5,5,1,2,4,1,4,3,3,3,2,1,0
12,409,3,3,42,2,1,3,2,5,4,3,2,1,1,3,1,3,1,1,0
27,3416,3,2,27,1,1,1,3,5,1,3,3,1,3,3,2,4,1,1,0
18,2622,4,4,34,1,1,2,3,10,2,3,3,1,3,3,2,3,1,1,0
15,1471,4,4,35,2,1,4,5,5,1,3,3,1,4,3,3,3,2,1,0
36,3959,4,3,30,1,1,1,3,4,1,1,3,1,2,3,2,4,2,1,0
18,3590,3,3,40,3,2,2,5,10,1,1,4,1,3,3,2,1,2,1,0
12,2141,3,1,35,1,1,4,3,5,2,4,3,1,4,3,2,3,1,1,0
36,3711,2,2,27,1,1,2,3,8,5,3,4,1,3,3,2,3,1,1,0
12,2762,1,2,25,1,1,2,3,4,5,5,2,1,2,1,2,3,2,1,1
36,10477,2,4,42,2,1,4,5,2,5,5,3,1,4,3,3,3,1,1,0
24,2835,3,4,53,1,1,4,3,4,3,5,3,1,2,3,2,3,1,1,0
12,1297,3,4,23,1,1,3,3,5,1,3,4,1,1,3,1,3,1,1,0
24,3161,4,2,31,1,1,1,2,10,1,3,3,1,2,3,1,3,2,1,1
24,3161,4,2,31,1,1,1,2,10,1,3,3,1,2,3,1,3,2,1,1
30,3017,4,4,47,1,1,3,5,5,1,5,3,1,2,3,2,3,1,1,0
48,10961,1,2,27,2,1,2,3,5,4,4,3,2,4,1,2,3,2,1,1
24,6403,1,2,33,1,1,2,4,5,1,2,3,1,3,3,2,3,1,1,0
9,2406,2,3,31,1,1,4,5,4,1,1,3,1,3,3,2,4,1,1,0
12,3331,2,4,42,1,1,4,5,4,1,5,3,1,2,2,2,3,1,1,0
24,2463,4,3,27,2,1,4,5,1,2,4,4,1,2,3,2,3,2,1,0
21,2288,4,4,23,1,1,4,5,4,1,2,2,1,2,3,2,3,2,1,0
24,3660,2,4,28,1,1,1,3,5,1,3,2,1,3,3,2,3,1,1,0
15,2326,2,4,27,1,1,2,5,10,3,3,3,1,3,1,2,3,1,1,0
10,2069,2,1,26,2,1,4,5,4,5,3,4,1,3,3,2,3,1,2,0
18,1961,3,2,23,1,1,3,3,1,1,5,2,1,3,3,2,4,1,1,0
11,3905,2,2,36,2,2,1,5,1,1,3,3,1,1,3,1,3,1,1,0
12,2279,4,4,37,1,1,4,3,5,5,3,3,1,4,3,3,3,2,1,0
18,1149,4,3,46,2,1,4,5,5,4,3,3,1,1,3,2,3,1,1,0
24,2384,4,4,64,1,1,1,3,5,1,5,3,1,1,1,1,2,1,1,0
11,1154,4,4,57,3,1,4,5,5,2,1,2,1,1,3,2,2,1,1,0
6,1361,2,4,40,1,2,1,5,1,1,2,3,1,1,3,2,2,1,2,0
12,958,2,3,47,2,2,2,5,1,1,4,3,1,1,3,2,2,1,1,0
6,860,1,4,39,2,1,1,5,1,1,5,2,1,4,3,2,3,2,1,0
12,1884,4,4,39,1,1,4,3,1,1,5,3,1,3,3,2,4,2,1,0
6,2978,1,2,32,1,1,4,3,4,3,3,3,1,3,3,2,3,2,1,0
12,2759,2,4,34,2,1,4,1,4,1,5,3,1,2,3,2,3,1,1,0
21,3414,2,1,26,2,1,1,4,8,1,2,3,1,2,3,2,3,1,1,1
21,3414,2,1,26,2,1,1,4,8,1,2,3,1,2,3,2,3,1,1,1
21,3414,2,1,26,2,1,1,4,8,1,2,3,1,2,3,2,3,1,1,1
6,1898,1,2,34,2,2,4,5,5,5,3,3,1,1,3,2,2,1,1,0
18,1113,4,4,26,1,2,2,3,5,1,3,2,3,1,3,2,2,1,1,0
18,1936,2,4,23,2,1,1,3,5,5,4,4,1,3,3,1,2,1,1,0
36,9271,2,1,24,1,1,1,3,1,1,4,3,1,3,3,2,3,2,1,1
36,9271,2,1,24,1,1,1,3,1,1,4,3,1,3,3,2,3,2,1,1
36,9271,2,1,24,1,1,1,3,1,1,4,3,1,3,3,2,3,2,1,1
36,9271,2,1,24,1,1,1,3,1,1,4,3,1,3,3,2,3,2,1,1
30,2991,2,4,25,1,1,2,3,5,5,5,2,1,3,3,2,3,1,1,0
24,1851,4,2,33,2,1,4,5,5,1,4,4,3,3,3,2,3,2,1,0
18,2100,4,2,37,1,1,3,3,5,1,3,3,2,1,2,2,3,1,1,1
18,2100,4,2,37,1,1,3,3,5,1,3,3,2,1,2,2,3,1,1,1
18,2100,4,2,37,1,1,3,3,5,1,3,3,2,1,2,2,3,1,1,1
24,4591,2,3,54,3,1,4,3,10,4,3,3,1,2,3,2,4,2,1,1
24,4591,2,3,54,3,1,4,3,10,4,3,3,1,2,3,2,4,2,1,1
12,1291,4,2,35,2,1,4,5,5,1,3,2,1,2,3,2,3,1,1,0
24,2483,4,4,22,1,1,1,2,4,3,3,3,1,1,2,2,3,2,1,0
24,2284,4,2,28,1,1,4,3,5,1,4,3,1,3,3,2,3,2,1,0
15,4657,3,2,30,1,1,4,3,2,1,3,3,1,3,3,2,3,2,1,0
6,700,4,4,36,2,1,4,5,5,5,5,3,1,4,3,3,3,1,1,0
12,2122,3,2,39,2,2,1,5,1,1,3,3,1,1,3,1,2,1,2,0
48,8487,1,2,24,1,1,2,3,1,5,4,2,1,3,3,2,3,1,1,0
36,2337,4,4,36,1,1,2,5,5,1,5,3,1,1,3,2,3,1,1,0
12,1534,1,1,23,1,1,2,3,5,1,2,4,1,1,3,1,3,1,1,1
24,1358,4,3,40,1,1,1,2,3,5,5,3,1,3,2,2,4,2,1,1
36,1953,4,4,61,1,1,2,1,10,1,5,3,1,4,3,3,4,2,1,1
36,1953,4,4,61,1,1,2,1,10,1,5,3,1,4,3,3,4,2,1,1
36,1953,4,4,61,1,1,2,1,10,1,5,3,1,4,3,3,4,2,1,1
24,5150,4,4,33,1,1,4,5,4,1,5,3,1,3,3,2,3,2,1,0
8,1164,3,4,51,2,2,1,5,3,1,5,3,1,4,1,3,4,2,1,0
24,2760,4,4,36,1,1,2,3,2,5,5,3,1,4,1,3,3,2,1,0
27,2570,3,3,21,1,1,4,3,1,1,3,2,1,1,3,1,3,1,1,1
27,2570,3,3,21,1,1,4,3,1,1,3,2,1,1,3,1,3,1,1,1
27,2570,3,3,21,1,1,4,3,1,1,3,2,1,1,3,1,3,1,1,1
27,2570,3,3,21,1,1,4,3,1,1,3,2,1,1,3,1,3,1,1,1
27,2570,3,3,21,1,1,4,3,1,1,3,2,1,1,3,1,3,1,1,1
27,2570,3,3,21,1,1,4,3,1,1,3,2,1,1,3,1,3,1,1,1
15,1778,2,1,26,2,1,2,1,1,1,2,2,1,1,3,1,1,1,1,1
18,3872,2,4,67,1,1,2,3,7,1,1,2,1,3,3,2,3,2,1,0
15,1264,2,2,25,1,1,2,2,1,2,3,4,1,2,3,1,3,1,1,1
15,1264,2,2,25,1,1,2,2,1,2,3,4,1,2,3,1,3,1,1,1
15,1264,2,2,25,1,1,2,2,1,2,3,4,1,2,3,1,3,1,1,1
12,1574,4,2,50,1,1,4,3,4,1,3,3,1,1,3,2,3,1,1,0
36,4795,4,1,30,1,1,2,3,5,1,2,2,1,4,3,2,4,2,1,0
24,6615,2,4,75,2,1,1,5,2,1,1,3,1,4,3,3,4,2,1,0
12,1155,3,3,40,2,1,2,3,5,1,5,4,3,1,1,2,2,1,1,0
10,1309,4,4,27,1,1,4,3,1,5,3,3,3,2,3,2,2,1,1,1
9,2134,4,4,48,3,1,4,5,1,1,3,3,1,3,3,2,3,2,1,0
6,1382,1,1,28,2,1,4,5,5,1,3,2,1,3,3,2,3,2,1,0
24,3069,4,4,30,1,1,2,3,4,2,5,3,1,4,3,3,3,1,1,0
24,6967,4,4,36,1,1,2,4,10,2,4,3,1,3,3,1,4,2,1,0
15,1537,4,4,50,2,1,2,5,5,5,5,3,3,1,3,2,3,2,1,0
12,902,4,4,21,1,1,1,3,9,1,4,4,1,2,3,1,3,1,1,1
12,902,4,4,21,1,1,1,3,9,1,4,4,1,2,3,1,3,1,1,1
6,1750,2,4,45,1,2,4,2,5,3,5,3,1,2,1,2,2,1,1,0
9,1138,4,4,25,2,1,1,5,5,1,3,3,1,1,3,2,2,1,1,0
21,1188,2,4,39,1,2,2,3,10,1,5,2,1,2,3,2,3,1,1,1
21,1188,2,4,39,1,2,2,3,10,1,5,2,1,2,3,2,3,1,1,1
21,1188,2,4,39,1,2,2,3,10,1,5,2,1,2,3,2,3,1,1,1
12,697,4,2,46,2,1,1,2,1,1,2,3,1,3,1,2,3,2,1,1
12,697,4,2,46,2,1,1,2,1,1,2,3,1,3,1,2,3,2,1,1
15,4623,3,2,40,1,1,4,3,8,2,3,3,1,2,3,2,4,2,1,1
16,1175,2,3,68,3,1,2,5,1,1,1,3,1,3,3,3,1,2,1,0
18,1239,4,4,61,1,1,2,3,8,5,3,3,1,4,3,3,3,1,1,0
6,1323,2,4,28,2,2,3,5,1,2,5,1,1,3,3,2,3,2,1,0
36,9572,1,1,28,2,1,4,4,10,1,2,1,1,3,3,2,3,1,1,1
36,9572,1,1,28,2,1,4,4,10,1,2,1,1,3,3,2,3,1,1,1
27,2528,4,1,32,1,2,2,3,10,1,2,2,1,2,3,2,3,2,1,0
6,368,4,4,38,1,1,2,3,5,5,5,3,1,2,3,2,3,1,1,0
15,3556,3,2,29,1,1,4,3,1,5,3,3,1,4,3,2,3,1,1,0
20,3485,2,4,44,2,1,4,5,1,5,2,1,1,1,3,2,3,2,1,0
18,1131,4,2,33,1,1,1,3,4,1,1,2,1,3,3,2,3,1,1,1
18,1131,4,2,33,1,1,1,3,4,1,1,2,1,3,3,2,3,1,1,1
10,1546,3,2,31,1,2,4,3,1,1,3,3,1,1,3,2,2,1,2,0
20,6468,1,4,60,1,1,2,3,2,5,1,1,1,1,3,2,4,2,1,0
24,1603,4,4,55,1,1,1,3,5,1,5,2,1,3,3,2,3,1,1,0
12,3077,2,4,52,1,1,4,3,5,1,3,3,1,3,3,2,3,2,1,0
18,4380,3,4,35,1,2,1,3,1,2,3,3,1,3,3,2,2,2,1,0
6,484,3,3,28,1,1,2,3,5,1,4,4,3,1,1,2,2,1,1,0
36,7855,4,2,25,2,1,4,5,1,1,3,2,1,1,2,2,3,2,1,1
27,3915,4,2,36,1,2,2,3,10,1,3,3,1,3,3,2,3,2,1,1
27,3915,4,2,36,1,2,2,3,10,1,3,3,1,3,3,2,3,2,1,1
27,3915,4,2,36,1,2,2,3,10,1,3,3,1,3,3,2,3,2,1,1
27,3915,4,2,36,1,2,2,3,10,1,3,3,1,3,3,2,3,2,1,1
18,1453,3,1,26,1,1,4,3,5,1,2,2,1,1,3,2,3,1,1,0
36,6887,4,3,29,1,1,1,4,8,1,3,3,1,2,2,2,3,2,1,1
36,6887,4,3,29,1,1,1,4,8,1,3,3,1,2,2,2,3,2,1,1
45,4746,4,2,25,2,1,2,5,5,1,2,3,1,2,3,2,2,1,1,1
45,4746,4,2,25,2,1,2,5,5,1,2,3,1,2,3,2,2,1,1,1
45,4746,4,2,25,2,1,2,5,5,1,2,3,1,2,3,2,2,1,1,1
45,4746,4,2,25,2,1,2,5,5,1,2,3,1,2,3,2,2,1,1,1
24,1747,4,1,24,1,1,1,3,4,1,2,3,2,2,3,2,2,1,2,0
24,915,4,2,29,1,1,1,3,1,5,5,2,1,3,1,2,3,1,1,1
24,915,4,2,29,1,1,1,3,1,5,5,2,1,3,1,2,3,1,1,1
24,915,4,2,29,1,1,1,3,1,5,5,2,1,3,1,2,3,1,1,1
24,1935,4,4,31,2,1,2,5,10,1,5,1,1,1,3,2,3,2,1,1
24,1935,4,4,31,2,1,2,5,10,1,5,1,1,1,3,2,3,2,1,1
24,1935,4,4,31,2,1,2,5,10,1,5,1,1,1,3,2,3,2,1,1
24,1935,4,4,31,2,1,2,5,10,1,5,1,1,1,3,2,3,2,1,1
24,1935,4,4,31,2,1,2,5,10,1,5,1,1,1,3,2,3,2,1,1
18,2249,4,3,30,1,2,1,3,1,2,4,3,1,3,3,2,4,2,1,0
12,3017,3,1,34,1,1,2,3,4,1,2,2,1,1,3,1,4,1,1,0
18,3966,1,4,33,3,1,1,5,1,1,5,2,1,1,1,1,3,2,1,1
18,3966,1,4,33,3,1,1,5,1,1,5,2,1,1,1,1,3,2,1,1
48,12169,4,4,36,1,1,2,2,1,5,1,3,2,4,3,3,4,2,1,0
6,590,3,3,26,1,1,2,3,5,1,2,4,1,1,3,2,2,1,2,0
12,682,4,3,51,2,1,4,5,1,2,4,2,1,3,3,2,3,2,1,0
48,8858,2,1,35,2,1,4,5,2,5,4,3,1,4,3,3,3,2,1,0
21,2319,2,1,33,1,1,3,5,8,1,2,1,1,3,3,1,3,1,1,1
21,2319,2,1,33,1,1,3,5,8,1,2,1,1,3,3,1,3,1,1,1
24,2872,3,4,36,1,2,4,5,5,2,5,3,1,1,3,2,3,2,1,0
8,1414,4,2,33,1,1,2,3,5,1,3,3,3,1,3,2,3,1,2,0
6,1352,1,2,23,1,1,1,3,2,3,1,2,1,2,3,1,1,2,1,0
24,1987,2,4,21,1,2,1,3,5,1,3,3,1,1,3,1,2,1,1,1
24,1987,2,4,21,1,2,1,3,5,1,3,3,1,1,3,1,2,1,1,1
24,6313,3,4,41,1,2,4,3,2,5,5,3,1,3,3,2,4,2,1,0
9,1082,4,4,27,2,1,2,3,5,1,5,3,1,3,3,2,2,1,1,0
12,3651,1,3,31,1,2,1,3,1,4,3,3,1,2,3,2,3,1,1,0
60,10366,2,4,42,1,1,4,3,1,1,5,3,1,2,3,2,4,2,1,0
12,1493,4,3,34,1,2,4,3,5,1,2,2,1,3,3,2,3,1,1,0
24,9277,2,4,48,1,1,4,3,2,5,3,1,1,4,3,3,3,2,1,0
15,1433,4,3,25,2,1,1,5,4,1,3,2,1,2,3,1,3,1,1,0
15,1829,4,4,46,2,1,4,5,5,1,5,3,1,3,3,2,3,2,1,0
36,2712,2,2,41,1,2,1,3,4,1,5,3,1,2,1,2,3,1,1,1
24,1249,4,2,28,1,1,4,3,1,1,2,4,1,1,3,2,3,1,1,0
15,1316,2,2,47,2,1,4,5,5,3,3,4,1,2,3,2,2,1,1,0
24,6419,2,4,44,2,2,1,5,2,1,5,2,1,4,3,3,4,2,1,0
6,1343,1,4,46,2,2,3,5,1,1,5,3,1,1,3,2,3,1,2,0
11,7228,1,4,39,2,1,4,5,1,1,3,3,1,2,3,2,2,1,1,0
30,8072,2,3,25,3,1,1,1,10,5,2,3,1,3,1,2,3,1,1,0
24,2684,4,2,35,2,1,4,5,5,1,3,3,1,1,3,2,2,1,1,0
12,976,4,4,35,2,1,4,5,5,5,5,3,1,3,3,2,3,1,1,0
18,1820,2,2,30,1,1,4,3,1,1,3,4,1,2,3,2,4,2,1,0
24,1024,4,4,48,1,1,1,4,5,1,2,4,1,1,2,2,3,1,1,1
24,1024,4,4,48,1,1,1,4,5,1,2,4,1,1,2,2,3,1,1,1
24,1024,4,4,48,1,1,1,4,5,1,2,4,1,1,2,2,3,1,1,1
6,1050,4,1,35,2,1,2,4,4,1,1,3,1,2,2,2,4,2,1,0
6,932,3,2,24,1,1,4,4,5,1,3,2,1,1,3,2,3,1,1,0
48,3566,4,2,30,1,1,2,2,10,2,4,3,1,3,3,2,3,1,1,0
36,9629,4,4,24,2,1,1,5,2,1,4,3,1,3,3,2,3,2,1,1
36,9629,4,4,24,2,1,1,5,2,1,4,3,1,3,3,2,3,2,1,1
36,9629,4,4,24,2,1,1,5,2,1,4,3,1,3,3,2,3,2,1,1
36,9629,4,4,24,2,1,1,5,2,1,4,3,1,3,3,2,3,2,1,1
6,3518,2,3,26,1,1,4,3,1,1,3,3,3,2,3,1,3,1,1,0
24,5152,4,2,25,1,1,3,3,5,1,4,3,1,3,1,2,3,1,1,0
15,3568,4,2,54,1,1,4,3,5,1,5,2,1,3,1,1,4,2,1,0
18,2775,2,2,31,2,1,4,5,1,1,4,3,1,2,1,2,3,1,1,1
12,1768,3,2,24,1,1,4,3,4,1,3,3,1,1,3,1,2,1,1,0
28,7824,3,4,40,2,2,4,2,2,5,2,3,3,1,1,1,3,2,1,0
47,10722,1,1,35,1,1,1,3,1,1,2,2,1,1,3,2,2,2,1,0
36,8133,1,2,30,1,1,4,3,2,1,3,2,1,2,1,2,3,1,1,0
12,2096,2,3,49,1,2,4,5,8,1,4,3,1,1,3,2,2,1,1,0
10,1347,4,2,27,2,1,3,5,5,5,4,3,1,2,3,2,3,2,1,0
12,1922,4,2,37,1,1,2,3,4,1,3,3,1,2,3,2,2,1,1,1
48,12204,2,2,48,1,1,2,1,10,5,3,3,1,3,1,2,4,2,1,0
40,5998,4,3,27,1,1,1,5,8,1,3,3,1,4,1,2,3,2,1,1
40,5998,4,3,27,1,1,1,5,8,1,3,3,1,4,1,2,3,2,1,1
24,5433,2,4,26,1,1,4,3,2,5,1,2,1,2,3,1,4,2,1,0
24,1546,4,4,24,1,1,1,2,5,1,4,3,3,3,1,1,2,1,1,1
24,1546,4,4,24,1,1,1,2,5,1,4,3,3,3,1,1,2,1,1,1
24,1546,4,4,24,1,1,1,2,5,1,4,3,3,3,1,1,2,1,1,1
24,1546,4,4,24,1,1,1,2,5,1,4,3,3,3,1,1,2,1,1,1
24,1546,4,4,24,1,1,1,2,5,1,4,3,3,3,1,1,2,1,1,1
24,1546,4,4,24,1,1,1,2,5,1,4,3,3,3,1,1,2,1,1,1
24,1546,4,4,24,1,1,1,2,5,1,4,3,3,3,1,1,2,1,1,1
12,5801,2,4,49,1,1,4,5,4,5,5,3,1,2,3,1,3,2,1,0
9,1422,3,2,27,1,1,1,3,1,1,2,3,1,4,3,3,4,2,1,1
9,1422,3,2,27,1,1,1,3,1,1,2,3,1,4,3,3,4,2,1,1
6,448,4,4,23,1,1,1,3,8,1,2,2,1,2,3,2,3,1,1,1
21,2476,4,4,46,1,1,4,3,2,5,5,3,1,1,3,2,4,2,1,0
36,5371,3,2,28,2,1,1,5,4,1,3,3,3,2,3,2,3,1,1,0
15,2221,2,4,20,1,1,4,3,4,3,3,2,1,3,3,1,3,1,1,0
12,3059,2,4,61,1,1,4,3,5,4,4,1,1,1,3,2,2,1,1,0
18,750,4,1,27,1,1,1,3,8,1,1,2,1,1,3,2,1,1,1,1
15,3368,3,4,23,2,1,4,5,2,4,5,3,1,4,3,1,3,2,1,0
12,609,4,1,26,1,1,3,2,10,1,2,2,1,1,3,2,1,1,1,1
12,609,4,1,26,1,1,3,2,10,1,2,2,1,1,3,2,1,1,1,1
12,2133,4,4,52,1,1,4,3,1,5,5,2,1,4,3,3,4,2,1,0
18,3422,4,4,47,3,2,4,3,4,1,5,3,1,2,1,2,3,2,1,0
12,1935,4,4,43,3,1,4,5,4,1,5,3,1,1,3,2,3,2,1,0
6,2108,2,2,29,1,1,4,3,5,1,4,4,1,1,3,1,3,1,1,0
12,1542,2,4,36,1,1,4,3,10,1,4,3,1,3,3,2,3,2,1,0
24,1246,4,2,23,1,1,2,3,1,1,2,3,1,1,2,2,2,1,1,1
24,1246,4,2,23,1,1,2,3,1,1,2,3,1,1,2,2,2,1,1,1
24,1246,4,2,23,1,1,2,3,1,1,2,3,1,1,2,2,2,1,1,1
24,1246,4,2,23,1,1,2,3,1,1,2,3,1,1,2,2,2,1,1,1
24,3105,4,2,25,2,1,4,3,5,5,2,3,1,3,3,2,3,1,1,0
9,959,1,2,29,1,1,2,3,4,1,3,2,1,3,3,2,3,1,2,1
9,959,1,2,29,1,1,2,3,4,1,3,2,1,3,3,2,3,1,2,1
9,959,1,2,29,1,1,2,3,4,1,3,2,1,3,3,2,3,1,2,1
21,571,4,4,65,2,1,1,5,1,1,5,3,1,1,3,2,3,1,1,0
12,1413,3,2,55,1,1,4,3,2,4,4,3,1,2,3,2,3,1,2,0
24,1553,3,2,23,2,1,2,4,5,2,4,2,1,2,3,1,3,2,1,0
54,15945,3,4,58,1,1,2,1,10,1,2,3,1,4,3,1,3,2,1,1
21,3763,2,2,24,1,1,1,3,1,5,4,3,2,1,3,2,2,1,2,0
36,3804,4,1,42,1,1,2,1,5,1,3,2,1,3,3,2,3,2,1,1
36,3804,4,1,42,1,1,2,1,5,1,3,2,1,3,3,2,3,2,1,1
36,3804,4,1,42,1,1,2,1,5,1,3,2,1,3,3,2,3,2,1,1
36,3804,4,1,42,1,1,2,1,5,1,3,2,1,3,3,2,3,2,1,1
36,9055,2,4,35,1,2,4,3,8,5,3,3,1,4,3,3,2,2,1,0
9,936,4,2,52,2,1,4,5,8,3,5,3,1,3,3,2,3,2,1,0
12,1555,4,4,55,2,2,4,4,7,4,5,3,1,4,3,3,3,1,1,1
12,1555,4,4,55,2,2,4,4,7,4,5,3,1,4,3,3,3,1,1,1
10,2901,1,4,31,1,1,4,3,2,5,2,2,1,1,3,1,3,1,1,0
20,2212,4,4,39,1,1,1,3,4,5,4,3,1,3,3,2,3,2,1,0
6,362,4,4,52,2,1,4,5,1,2,3,2,1,3,3,2,2,1,1,0
48,3578,4,1,47,1,1,4,5,5,5,5,3,1,1,3,2,3,2,1,0
15,1520,4,4,63,1,1,4,5,4,5,5,3,1,2,3,2,3,1,1,0
24,3757,4,4,62,1,1,4,3,1,1,5,2,2,4,3,3,3,2,1,0
9,1364,3,4,59,1,1,1,3,5,1,4,3,1,1,3,2,3,1,1,0
36,9566,2,2,31,2,1,4,5,5,1,3,2,1,3,2,2,3,1,1,0
12,2214,4,3,24,1,1,1,3,5,1,3,3,1,2,3,2,2,1,1,0
18,2238,2,1,25,2,1,4,5,5,1,3,2,1,3,3,2,3,1,1,0
18,1301,4,2,32,1,1,2,3,5,1,5,4,3,1,3,2,2,1,1,0
24,929,4,2,31,1,1,4,3,4,5,4,3,1,3,2,2,3,2,1,0
12,1498,4,1,23,1,1,1,3,5,1,3,2,1,3,1,2,3,1,1,0
33,4281,1,4,23,2,1,1,5,4,3,3,2,1,3,3,2,3,1,1,1
33,4281,1,4,23,2,1,1,5,4,3,3,2,1,3,3,2,3,1,1,1
33,4281,1,4,23,2,1,1,5,4,3,3,2,1,3,3,2,3,1,1,1
21,1602,4,3,30,2,1,1,5,1,1,5,4,1,3,3,2,3,2,1,0
18,2320,2,3,34,2,1,4,4,5,1,1,4,1,1,3,2,3,1,1,0
18,2462,2,2,22,1,1,1,3,4,1,3,3,1,3,3,2,3,1,1,1
18,2462,2,2,22,1,1,1,3,4,1,3,3,1,3,3,2,3,1,1,1
18,2462,2,2,22,1,1,1,3,4,1,3,3,1,3,3,2,3,1,1,1
7,2329,1,1,45,1,1,2,3,5,1,2,2,3,1,3,2,3,1,1,0
9,1549,4,2,35,1,1,2,3,1,5,2,3,1,1,3,2,1,1,1,0
42,6289,2,1,33,2,1,3,1,10,1,2,1,1,2,3,2,3,1,1,0
9,1199,4,4,67,2,1,2,3,8,1,4,2,1,2,3,2,4,2,1,0
42,7882,2,4,45,1,2,1,3,4,1,4,3,3,2,3,3,3,1,1,0
18,1169,4,3,29,2,1,4,5,5,5,3,3,1,2,3,2,3,2,1,0
12,1526,4,4,66,2,1,1,5,2,1,5,3,1,4,3,3,4,1,1,0
20,4272,1,4,24,2,1,1,5,4,1,5,2,1,2,3,2,3,1,1,0
24,1940,4,4,60,1,1,4,5,1,4,5,3,1,1,3,2,3,2,1,0
48,9960,1,2,26,1,1,2,3,4,1,2,2,1,3,3,2,3,2,1,1
48,9960,1,2,26,1,1,2,3,4,1,2,2,1,3,3,2,3,2,1,1
48,9960,1,2,26,1,1,2,3,4,1,2,2,1,3,3,2,3,2,1,1
48,9960,1,2,26,1,1,2,3,4,1,2,2,1,3,3,2,3,2,1,1
20,2629,2,3,29,2,1,2,4,3,1,3,3,1,3,1,2,3,2,1,0
42,5954,2,1,41,2,1,2,5,10,1,4,2,1,1,1,2,2,1,1,0
18,7374,4,4,40,2,1,2,5,4,1,1,3,1,2,2,2,4,2,1,0
8,907,3,2,26,1,1,2,3,10,1,2,4,1,1,3,2,3,2,1,0
6,1203,3,2,43,1,1,1,3,1,2,5,3,1,2,3,2,3,2,1,0
48,11590,2,4,24,2,1,4,5,2,2,3,2,1,3,1,1,2,1,1,1
48,11590,2,4,24,2,1,4,5,2,2,3,2,1,3,1,1,2,1,1,1
48,11590,2,4,24,2,1,4,5,2,2,3,2,1,3,1,1,2,1,1,1
48,11590,2,4,24,2,1,4,5,2,2,3,2,1,3,1,1,2,1,1,1
15,1403,2,4,28,1,1,1,3,1,1,3,2,1,3,3,1,3,1,1,0
36,7127,2,4,23,2,1,4,5,4,1,2,2,1,2,3,1,3,2,1,1
36,7127,2,4,23,2,1,4,5,4,1,2,2,1,2,3,1,3,2,1,1
36,7127,2,4,23,2,1,4,5,4,1,2,2,1,2,3,1,3,2,1,1
18,3049,1,1,45,1,1,3,3,4,1,2,2,1,2,2,2,2,1,1,0
18,433,3,4,22,1,1,4,3,5,1,1,2,2,1,3,1,3,1,1,1
18,433,3,4,22,1,1,4,3,5,1,1,2,2,1,3,1,3,1,1,1
18,433,3,4,22,1,1,4,3,5,1,1,2,2,1,3,1,3,1,1,1
18,433,3,4,22,1,1,4,3,5,1,1,2,2,1,3,1,3,1,1,1
18,433,3,4,22,1,1,4,3,5,1,1,2,2,1,3,1,3,1,1,1
18,433,3,4,22,1,1,4,3,5,1,1,2,2,1,3,1,3,1,1,1
18,433,3,4,22,1,1,4,3,5,1,1,2,2,1,3,1,3,1,1,1
9,1224,3,1,30,2,1,4,5,1,1,3,3,1,1,3,2,3,1,1,0
24,3021,2,2,24,1,1,1,3,4,1,3,1,1,1,3,1,2,1,1,0
36,12612,1,4,47,1,2,2,3,8,2,3,3,1,4,3,3,3,2,1,1
36,12612,1,4,47,1,2,2,3,8,2,3,3,1,4,3,3,3,2,1,1
12,618,4,4,56,1,1,4,5,5,1,5,3,1,1,3,2,3,1,1,0
12,1655,2,4,63,2,1,4,5,5,1,5,3,1,1,3,2,2,2,1,0
12,3399,2,3,37,1,1,3,3,5,5,5,3,1,3,3,2,4,1,1,0
18,1880,4,1,32,2,1,1,5,5,1,4,4,1,2,3,2,4,2,1,0
7,730,4,2,46,2,1,4,5,5,5,5,3,1,2,3,1,2,2,1,0
21,2580,4,2,41,1,2,4,4,10,3,2,3,1,1,1,2,2,1,1,1
21,2580,4,2,41,1,2,4,4,10,3,2,3,1,1,1,2,2,1,1,1
21,2580,4,2,41,1,2,4,4,10,3,2,3,1,1,1,2,2,1,1,1
21,2580,4,2,41,1,2,4,4,10,3,2,3,1,1,1,2,2,1,1,1
48,8358,1,1,30,2,1,2,1,1,3,2,2,1,3,3,2,3,1,1,0
11,1577,4,1,20,1,1,2,3,4,4,2,2,1,1,3,2,3,1,1,0
6,783,1,2,26,1,2,4,2,1,5,3,3,3,1,2,2,2,1,1,0
15,1512,3,3,61,2,1,2,4,7,4,3,4,1,2,2,2,3,1,1,1
15,1512,3,3,61,2,1,2,4,7,4,3,4,1,2,2,2,3,1,1,1
15,1512,3,3,61,2,1,2,4,7,4,3,4,1,2,2,2,3,1,1,1
15,1512,3,3,61,2,1,2,4,7,4,3,4,1,2,2,2,3,1,1,1
15,1512,3,3,61,2,1,2,4,7,4,3,4,1,2,2,2,3,1,1,1
36,6948,2,2,35,1,1,2,3,2,1,3,3,1,3,3,1,4,2,1,0
15,1360,4,2,31,2,1,4,5,5,1,3,3,1,2,3,2,3,1,1,0
12,3499,3,2,29,2,1,1,5,1,1,3,2,2,1,3,2,3,1,1,1
15,2788,2,3,24,2,1,4,5,4,1,4,2,2,3,1,2,3,1,1,0
24,2325,2,3,32,1,1,1,2,1,2,4,3,1,3,1,2,3,1,1,0
12,1082,4,4,48,2,1,1,1,1,1,3,3,1,3,1,2,3,1,1,1
24,3430,3,2,31,1,2,4,3,5,3,5,3,1,3,3,2,3,2,1,0
24,2896,2,1,29,1,1,2,3,5,2,2,3,1,3,3,2,3,1,1,0
36,2820,4,4,27,2,1,2,5,1,1,2,1,1,3,3,2,3,1,1,1
24,3512,2,3,38,2,1,2,3,1,2,4,3,1,3,1,2,3,2,1,0
6,6761,1,3,45,2,2,4,5,1,1,4,3,1,4,3,2,4,2,1,0
48,5381,3,4,40,1,1,2,3,3,5,1,3,1,4,1,3,1,2,1,0
6,2063,4,3,30,1,1,2,3,5,1,2,4,1,3,3,1,4,2,1,0
24,1193,1,4,29,2,1,1,2,1,1,1,2,2,4,3,1,1,1,1,1
18,2389,4,1,27,1,1,1,3,5,1,2,2,1,3,2,2,3,1,1,0
12,717,4,4,52,3,1,4,5,5,1,5,3,1,1,3,2,3,1,1,0
15,1053,4,2,27,1,1,1,3,5,1,2,4,1,1,3,2,3,1,2,0
18,1864,4,2,30,2,1,4,5,8,2,3,2,1,1,3,2,3,1,1,1
18,1864,4,2,30,2,1,4,5,8,2,3,2,1,1,3,2,3,1,1,1
18,1864,4,2,30,2,1,4,5,8,2,3,2,1,1,3,2,3,1,1,1
18,1864,4,2,30,2,1,4,5,8,2,3,2,1,1,3,2,3,1,1,1
15,1444,4,1,23,1,1,2,3,5,5,2,3,1,2,3,2,3,1,1,0
48,3979,4,1,41,2,2,2,3,5,5,4,3,1,3,3,2,3,2,1,0
10,1418,3,2,35,1,1,4,3,1,2,3,3,1,1,3,1,2,1,2,0
30,5954,3,2,38,1,1,4,5,5,1,4,3,2,3,3,2,3,1,1,0
28,4006,3,2,45,1,1,1,3,1,1,3,3,1,3,3,2,2,1,1,1
28,4006,3,2,45,1,1,1,3,1,1,3,3,1,3,3,2,2,1,1,1
24,1216,4,4,38,2,2,2,5,5,2,2,3,1,4,1,2,3,1,1,1
24,1216,4,4,38,2,2,2,5,5,2,2,3,1,4,1,2,3,1,1,1
24,1258,4,1,25,1,1,4,3,10,1,4,3,1,1,3,2,3,2,1,0
6,426,4,4,39,1,1,4,1,5,1,5,4,1,3,3,2,2,1,1,0
36,7980,4,4,27,2,1,4,4,10,5,2,3,1,3,3,1,3,2,1,1
36,7980,4,4,27,2,1,4,4,10,5,2,3,1,3,3,1,3,2,1,1
36,7980,4,4,27,2,1,4,4,10,5,2,3,1,3,3,1,3,2,1,1
12,1163,4,4,44,1,1,4,5,1,3,3,3,1,1,3,2,3,2,1,0
36,3249,2,4,39,1,2,1,3,1,1,4,3,1,4,1,3,4,2,1,0
18,2051,4,1,33,1,1,4,3,5,1,2,3,1,1,3,2,3,1,1,0
15,1308,4,4,38,2,1,2,3,7,1,5,3,1,3,3,2,2,1,1,0
12,1255,4,4,61,2,1,4,5,1,1,5,3,1,1,3,2,2,1,1,0
24,1287,4,4,37,2,1,4,5,1,4,5,2,1,1,3,2,3,2,1,0
6,1236,2,4,50,1,1,4,3,2,3,3,3,1,2,3,1,3,1,1,0
15,2511,1,4,23,1,1,1,3,1,1,1,2,1,3,3,1,3,1,1,0
18,3378,2,1,31,1,1,4,3,2,5,3,3,1,2,3,2,3,2,1,0
48,10222,4,3,37,1,1,4,3,5,5,4,3,1,3,2,2,3,2,1,0
24,1938,4,3,32,1,1,1,3,5,1,2,1,1,2,3,2,3,1,1,1
12,1007,4,1,22,1,1,2,3,1,4,3,4,1,1,3,2,3,1,1,0
36,14318,4,2,57,1,1,2,3,1,1,5,3,1,4,3,3,4,2,1,1
24,2197,4,4,43,2,2,4,5,2,5,4,3,1,3,3,2,3,2,1,0
24,5804,4,2,27,2,1,4,5,2,4,3,3,1,1,3,2,3,1,1,0
12,6468,2,1,52,1,1,2,3,5,5,1,3,1,4,3,2,4,2,1,1
12,6468,2,1,52,1,1,2,3,5,5,1,3,1,4,3,2,4,2,1,1
12,1995,4,1,27,1,1,2,5,1,2,2,3,1,3,3,2,3,1,1,0
60,7408,4,2,24,1,1,2,3,1,2,2,2,1,2,3,2,4,1,1,1
60,7408,4,2,24,1,1,2,3,1,2,2,2,1,2,3,2,4,1,1,1
60,7408,4,2,24,1,1,2,3,1,2,2,2,1,2,3,2,4,1,1,1
60,7408,4,2,24,1,1,2,3,1,2,2,2,1,2,3,2,4,1,1,1
60,7408,4,2,24,1,1,2,3,1,2,2,2,1,2,3,2,4,1,1,1
15,3594,1,2,46,2,1,4,4,2,1,2,2,1,2,3,2,2,1,1,0
6,1449,1,2,31,2,2,2,4,10,2,5,1,1,3,1,2,3,1,1,0
54,9436,2,2,39,1,2,4,1,2,5,3,3,1,2,3,2,2,1,1,0
24,8648,2,2,27,2,1,4,4,10,1,2,3,1,3,1,2,3,2,1,1
24,8648,2,2,27,2,1,4,4,10,1,2,3,1,3,1,2,3,2,1,1
36,1842,4,4,34,1,1,1,3,1,1,2,2,1,3,3,2,3,2,1,1
36,1842,4,4,34,1,1,1,3,1,1,2,2,1,3,3,2,3,2,1,1
36,1842,4,4,34,1,1,1,3,1,1,2,2,1,3,3,2,3,2,1,1
36,3349,4,2,28,1,1,4,3,4,1,3,2,1,3,3,2,4,2,1,1
36,3349,4,2,28,1,1,4,3,4,1,3,2,1,3,3,2,4,2,1,1
36,3349,4,2,28,1,1,4,3,4,1,3,2,1,3,3,2,4,2,1,1
12,2073,4,2,28,1,1,4,3,5,2,3,2,2,1,3,2,3,1,1,0
24,1275,2,4,36,2,1,3,5,10,4,3,1,1,1,3,2,3,2,1,0
12,766,4,3,66,1,1,2,3,5,3,3,3,1,1,3,2,2,1,1,1
12,766,4,3,66,1,1,2,3,5,3,3,3,1,1,3,2,2,1,1,1
12,766,4,3,66,1,1,2,3,5,3,3,3,1,1,3,2,2,1,1,1
15,1213,4,3,47,1,1,4,3,5,3,5,3,1,2,2,2,3,2,1,0
18,3780,3,2,35,2,1,4,5,4,1,2,1,1,3,3,2,4,2,1,0
18,1345,4,3,26,1,1,1,3,5,1,3,4,1,1,1,2,3,1,1,1
18,1345,4,3,26,1,1,1,3,5,1,3,4,1,1,1,2,3,1,1,1
30,2522,1,3,39,1,2,1,3,5,1,5,3,3,2,3,2,3,1,1,0
36,3595,4,2,28,1,1,4,3,5,1,5,3,1,3,3,2,3,1,1,0
30,3496,4,2,34,1,2,2,2,4,4,3,3,1,3,2,2,3,2,1,0
15,960,3,2,30,2,1,4,4,4,4,4,2,1,2,3,2,3,1,1,0
12,1262,3,2,25,1,1,4,3,5,1,3,3,1,3,3,2,3,1,1,0
12,1264,4,4,57,1,1,4,5,10,5,5,3,1,4,3,1,2,1,1,0
48,7763,4,4,42,1,1,1,3,1,1,5,3,1,4,1,3,4,1,1,1
48,7763,4,4,42,1,1,1,3,1,1,5,3,1,4,1,3,4,1,1,1
48,7763,4,4,42,1,1,1,3,1,1,5,3,1,4,1,3,4,1,1,1
48,7763,4,4,42,1,1,1,3,1,1,5,3,1,4,1,3,4,1,1,1
6,454,3,1,22,1,1,2,3,7,1,2,4,1,2,3,2,2,1,1,0
24,1207,4,4,24,1,1,1,3,1,1,2,2,1,2,3,1,3,1,1,1
24,1207,4,4,24,1,1,1,3,1,1,2,2,1,2,3,1,3,1,1,1
24,1207,4,4,24,1,1,1,3,1,1,2,2,1,2,3,1,3,1,1,1
24,2022,4,4,37,1,1,4,5,1,1,3,2,1,3,3,2,3,2,1,0
12,1567,1,1,22,1,1,2,3,5,1,3,2,1,3,3,2,3,2,1,0
12,1262,2,4,49,1,1,1,3,4,5,5,1,1,2,3,2,2,2,1,0
12,1331,2,1,22,1,1,2,3,5,1,2,3,1,3,2,2,3,1,1,1
6,1872,4,4,36,3,1,1,5,4,1,1,3,1,4,3,3,4,2,1,0
21,3976,2,3,35,1,1,2,3,4,5,4,3,1,3,3,2,3,2,1,0
18,2515,3,4,43,1,1,4,3,4,1,3,3,1,1,3,2,3,2,1,0
48,6560,3,2,24,1,1,2,3,1,2,4,3,1,2,3,2,3,1,1,1
48,6560,3,2,24,1,1,2,3,1,2,4,3,1,2,3,2,3,1,1,1
48,4844,3,2,33,1,1,4,3,10,1,1,3,1,3,1,1,4,2,1,1
