duration,credit,rate,residence,age,nocredit,liable,credibility,TNM_check_Status,TNM_history,TIN_purpose_A40,TIN_purpose_A41,TIN_purpose_A410,TIN_purpose_A42,TIN_purpose_A43,TIN_purpose_A44,TIN_purpose_A45,TIN_purpose_A46,TIN_purpose_A48,TIN_purpose_A49,TNM_bonds,TNM_jobex,TIN_s_status_A91,TIN_s_status_A92,TIN_s_status_A93,TIN_s_status_A94,TIN_guarantor_A101,TIN_guarantor_A102,TIN_guarantor_A103,TIN_property_A121,TIN_property_A122,TIN_property_A123,TIN_property_A124,TIN_install_A141,TIN_install_A142,TIN_install_A143,TIN_ph_A191,TIN_ph_A192,TIN_nri_A201,TIN_nri_A202,TNM_job,TIN_house_A151,TIN_house_A152,TIN_house_A153
24,3161,4,2,31,1,1,2,1,2,0,0,0,0,0,0,0,0,0,1,1,3,0,0,1,0,1,0,0,0,1,0,0,0,0,1,0,1,1,0,3,1,0,0
9,745,3,2,28,1,1,2,3,3,0,0,0,0,1,0,0,0,0,0,1,3,0,1,0,0,1,0,0,1,0,0,0,0,0,1,1,0,1,0,2,0,1,0
47,10722,1,1,35,1,1,1,1,3,1,0,0,0,0,0,0,0,0,0,1,2,0,1,0,0,1,0,0,1,0,0,0,0,0,1,0,1,1,0,2,0,1,0
18,4165,2,2,36,2,2,2,4,1,0,0,0,0,0,0,0,0,0,1,1,3,0,0,1,0,1,0,0,0,0,1,0,0,1,0,1,0,1,0,3,0,1,0
42,4370,3,2,26,2,2,2,1,4,0,0,0,0,1,0,0,0,0,0,1,4,0,0,1,0,1,0,0,0,1,0,0,1,0,0,0,1,1,0,3,0,1,0
6,1361,2,4,40,1,2,1,1,5,1,0,0,0,0,0,0,0,0,0,1,2,0,0,1,0,1,0,0,1,0,0,0,0,0,1,1,0,0,1,2,0,1,0
8,760,4,2,44,1,1,1,2,3,0,0,0,0,1,0,0,0,0,0,1,4,0,1,0,0,0,0,1,1,0,0,0,0,0,1,1,0,1,0,2,0,1,0
18,1984,4,4,47,2,1,1,4,3,0,0,0,1,0,0,0,0,0,0,1,3,0,0,1,0,1,0,0,0,0,0,1,1,0,0,1,0,1,0,3,0,0,1
12,1922,4,2,37,1,1,2,2,3,0,0,0,1,0,0,0,0,0,0,1,3,0,0,1,0,1,0,0,0,1,0,0,0,0,1,1,0,1,0,2,0,1,0
18,1800,4,2,24,2,1,1,4,5,0,0,0,0,1,0,0,0,0,0,1,3,0,0,1,0,1,0,0,0,0,1,0,0,0,1,1,0,1,0,3,0,1,0
24,2670,4,4,35,1,1,1,4,3,0,1,0,0,0,0,0,0,0,0,1,5,0,0,1,0,1,0,0,0,0,1,0,0,0,1,0,1,1,0,4,0,1,0
6,1198,4,4,35,1,1,2,1,2,0,0,0,0,0,0,0,1,0,0,1,5,0,1,0,0,1,0,0,0,0,0,1,0,0,1,1,0,1,0,3,0,0,1
12,2002,3,4,30,1,2,1,2,3,1,0,0,0,0,0,0,0,0,0,1,4,0,0,1,0,1,0,0,0,1,0,0,0,0,1,0,1,1,0,3,1,0,0
30,2150,4,2,24,1,1,2,2,3,1,0,0,0,0,0,0,0,0,0,1,3,0,1,0,0,0,0,1,0,0,0,1,1,0,0,1,0,1,0,3,0,1,0
24,2679,4,1,29,1,1,1,4,3,0,1,0,0,0,0,0,0,0,0,1,2,0,1,0,0,1,0,0,0,0,0,1,0,0,1,0,1,1,0,4,0,1,0
12,697,4,2,46,2,1,2,1,2,1,0,0,0,0,0,0,0,0,0,1,2,0,0,1,0,1,0,0,0,0,1,0,1,0,0,0,1,1,0,3,0,1,0
15,3556,3,2,29,1,1,1,4,3,1,0,0,0,0,0,0,0,0,0,5,3,0,0,1,0,1,0,0,0,0,0,1,0,0,1,1,0,1,0,3,0,1,0
48,3578,4,1,47,1,1,1,4,5,0,0,0,0,1,0,0,0,0,0,5,5,0,0,1,0,1,0,0,1,0,0,0,0,0,1,0,1,1,0,3,0,1,0
24,1659,4,2,29,1,1,2,1,4,0,0,0,0,1,0,0,0,0,0,1,2,0,1,0,0,1,0,0,0,0,1,0,0,0,1,0,1,1,0,2,1,0,0
48,8858,2,1,35,2,1,1,4,5,0,1,0,0,0,0,0,0,0,0,5,4,0,0,1,0,1,0,0,0,0,0,1,0,0,1,0,1,1,0,3,0,0,1
12,795,4,4,53,1,1,2,1,3,0,0,0,0,0,0,0,1,0,0,1,2,0,1,0,0,1,0,0,0,1,0,0,0,0,1,1,0,1,0,3,0,1,0
12,1240,4,2,38,2,1,1,4,5,0,0,0,0,1,0,0,0,0,0,5,5,0,1,0,0,1,0,0,1,0,0,0,0,0,1,0,1,1,0,3,0,1,0
15,3568,4,2,54,1,1,1,4,3,0,0,0,0,1,0,0,0,0,0,1,5,0,1,0,0,1,0,0,0,0,1,0,1,0,0,0,1,1,0,4,1,0,0
24,6872,2,1,55,1,1,2,1,2,0,0,0,1,0,0,0,0,0,0,1,2,1,0,0,0,1,0,0,0,1,0,0,1,0,0,0,1,1,0,3,0,1,0
24,5943,1,1,44,2,1,2,4,3,0,0,0,0,1,0,0,0,0,0,5,2,0,1,0,0,1,0,0,0,0,1,0,0,0,1,0,1,1,0,3,0,1,0
36,5493,2,4,42,1,2,1,1,3,0,1,0,0,0,0,0,0,0,0,1,5,0,0,1,0,1,0,0,0,0,0,1,0,0,1,1,0,1,0,3,0,0,1
20,2212,4,4,39,1,1,1,1,3,0,0,0,1,0,0,0,0,0,0,5,4,0,0,1,0,1,0,0,0,0,1,0,0,0,1,0,1,1,0,3,0,1,0
24,9277,2,4,48,1,1,1,4,3,0,1,0,0,0,0,0,0,0,0,5,3,1,0,0,0,1,0,0,0,0,0,1,0,0,1,0,1,1,0,3,0,0,1
9,2136,3,2,25,1,1,1,1,3,0,0,0,1,0,0,0,0,0,0,1,3,0,0,1,0,1,0,0,1,0,0,0,0,0,1,1,0,1,0,3,0,1,0
6,484,3,3,28,1,1,1,2,3,0,0,0,0,1,0,0,0,0,0,1,4,0,0,0,1,0,0,1,1,0,0,0,1,0,0,1,0,1,0,2,0,1,0
30,7596,1,4,63,2,1,1,4,5,0,1,0,0,0,0,0,0,0,0,5,5,0,0,1,0,1,0,0,0,0,1,0,0,0,1,1,0,1,0,3,0,1,0
18,1941,4,2,35,1,1,1,2,3,0,0,0,0,0,0,0,0,0,1,4,3,0,0,1,0,1,0,0,0,1,0,0,0,0,1,0,1,1,0,2,0,1,0
48,7685,2,4,37,1,1,2,1,2,0,0,0,0,0,0,0,0,0,1,1,4,0,1,0,0,0,0,1,0,0,1,0,0,0,1,1,0,1,0,3,1,0,0
21,2241,4,2,50,2,1,1,4,3,0,0,0,1,0,0,0,0,0,0,1,5,0,0,1,0,1,0,0,1,0,0,0,0,0,1,1,0,1,0,3,0,1,0
42,7882,2,4,45,1,2,1,1,3,0,0,0,1,0,0,0,0,0,0,1,4,0,0,1,0,0,0,1,0,1,0,0,0,0,1,1,0,1,0,3,0,0,1
12,976,4,4,35,2,1,1,4,5,0,0,0,0,1,0,0,0,0,0,5,5,0,0,1,0,1,0,0,0,0,1,0,0,0,1,1,0,1,0,3,0,1,0
36,6948,2,2,35,1,1,1,2,3,0,1,0,0,0,0,0,0,0,0,1,3,0,0,1,0,1,0,0,0,0,1,0,0,0,1,0,1,1,0,4,1,0,0
18,4297,4,3,40,1,1,2,2,4,0,0,0,1,0,0,0,0,0,0,1,5,1,0,0,0,1,0,0,0,0,0,1,0,0,1,0,1,1,0,4,0,1,0
24,1382,4,1,26,2,1,1,1,5,0,0,0,0,0,0,0,0,0,1,2,4,0,0,1,0,1,0,0,1,0,0,0,0,0,1,0,1,1,0,3,0,1,0
12,1289,4,1,21,1,1,1,1,3,0,0,0,1,0,0,0,0,0,0,1,3,0,0,1,0,0,0,1,0,1,0,0,0,0,1,1,0,1,0,2,0,1,0
18,2473,4,1,25,1,1,2,1,3,0,0,0,1,0,0,0,0,0,0,1,1,0,0,1,0,1,0,0,0,0,1,0,0,0,1,1,0,1,0,1,0,1,0
18,8471,1,2,23,2,1,1,1,4,0,0,0,0,0,0,0,1,0,0,5,3,0,1,0,0,1,0,0,0,0,1,0,0,0,1,0,1,1,0,3,1,0,0
45,4746,4,2,25,2,1,2,2,5,0,0,0,0,1,0,0,0,0,0,1,2,0,0,1,0,1,0,0,0,1,0,0,0,0,1,1,0,1,0,2,0,1,0
9,1670,4,2,22,1,1,2,2,3,0,0,0,0,1,0,0,0,0,0,1,2,0,1,0,0,1,0,0,0,0,1,0,0,0,1,0,1,1,0,3,0,1,0
12,2292,4,2,42,2,1,2,4,5,0,0,0,0,0,0,0,0,0,1,1,1,0,0,1,0,1,0,0,0,0,1,0,0,1,0,0,1,1,0,4,0,1,0
45,4576,3,4,27,1,1,1,2,5,0,1,0,0,0,0,0,0,0,0,2,1,0,0,1,0,1,0,0,0,0,1,0,0,0,1,1,0,1,0,3,0,1,0
18,6761,2,4,68,2,1,2,4,3,1,0,0,0,0,0,0,0,0,0,5,3,0,0,1,0,1,0,0,0,0,1,0,0,0,1,1,0,1,0,3,1,0,0
15,1300,4,4,45,1,2,1,4,3,0,1,0,0,0,0,0,0,0,0,5,5,0,0,1,0,1,0,0,0,0,0,1,1,0,0,1,0,1,0,3,0,0,1
6,753,2,3,64,1,1,1,2,3,0,0,0,0,1,0,0,0,0,0,1,3,0,1,0,0,0,0,1,1,0,0,0,0,0,1,1,0,1,0,3,0,1,0
18,1217,4,3,47,1,1,2,1,3,0,0,0,0,0,1,0,0,0,0,1,3,0,0,0,1,1,0,0,1,0,0,0,0,0,1,0,1,1,0,2,0,1,0
12,708,2,3,38,1,2,1,1,3,0,0,0,1,0,0,0,0,0,0,1,3,0,0,1,0,0,0,1,0,1,0,0,0,0,1,1,0,1,0,2,0,1,0
6,1068,4,4,28,1,2,1,2,3,0,0,0,0,1,0,0,0,0,0,1,5,0,0,1,0,1,0,0,0,0,1,0,0,0,1,1,0,1,0,3,0,1,0
7,846,3,4,36,1,1,1,4,4,0,0,0,0,1,0,0,0,0,0,5,5,0,0,1,0,1,0,0,0,0,0,1,0,0,1,1,0,1,0,3,0,0,1
24,2483,4,4,22,1,1,1,1,2,0,0,0,1,0,0,0,0,0,0,3,3,0,0,1,0,1,0,0,1,0,0,0,0,1,0,0,1,1,0,3,0,1,0
48,6110,1,3,31,1,1,1,4,5,0,0,0,0,0,0,0,1,0,0,1,3,0,0,1,0,1,0,0,0,0,0,1,1,0,0,0,1,1,0,3,0,0,1
12,2969,4,3,25,2,1,2,2,1,0,0,0,1,0,0,0,0,0,0,1,2,0,1,0,0,1,0,0,0,1,0,0,0,0,1,1,0,1,0,3,1,0,0
12,1736,3,4,31,1,1,1,4,3,0,0,0,1,0,0,0,0,0,0,1,4,0,1,0,0,1,0,0,1,0,0,0,0,0,1,1,0,1,0,2,0,1,0
18,1055,4,1,30,2,1,1,4,5,1,0,0,0,0,0,0,0,0,0,1,2,0,1,0,0,1,0,0,0,1,0,0,0,0,1,1,0,1,0,3,0,1,0
24,1258,4,1,25,1,1,1,4,3,0,0,0,0,0,0,0,0,0,1,1,4,0,0,1,0,1,0,0,1,0,0,0,0,0,1,0,1,1,0,3,0,1,0
12,1163,4,4,44,1,1,1,4,5,1,0,0,0,0,0,0,0,0,0,3,3,0,0,1,0,1,0,0,1,0,0,0,0,0,1,0,1,1,0,3,0,1,0
12,1393,4,4,47,3,2,1,4,3,0,0,0,0,0,0,0,1,0,0,1,5,0,0,1,0,1,0,0,0,1,0,0,1,0,0,0,1,1,0,3,0,1,0
9,1366,3,4,22,1,1,2,1,3,0,0,0,0,1,0,0,0,0,0,1,2,0,1,0,0,1,0,0,0,1,0,0,0,0,1,1,0,1,0,3,1,0,0
21,2476,4,4,46,1,1,1,4,3,0,1,0,0,0,0,0,0,0,0,5,5,0,0,1,0,1,0,0,1,0,0,0,0,0,1,0,1,1,0,4,0,1,0
36,2273,3,1,32,2,2,1,2,3,0,0,0,0,0,0,0,1,0,0,1,4,0,0,1,0,1,0,0,0,0,1,0,0,0,1,1,0,1,0,3,0,1,0
9,2301,2,4,22,1,1,1,4,3,0,0,0,1,0,0,0,0,0,0,2,2,0,1,0,0,1,0,0,0,1,0,0,0,0,1,1,0,1,0,3,1,0,0
6,338,4,4,52,2,1,1,1,5,0,0,0,0,1,0,0,0,0,0,3,5,0,0,1,0,1,0,0,0,0,1,0,0,0,1,1,0,1,0,3,0,1,0
24,4151,2,3,35,2,1,1,4,4,0,0,0,1,0,0,0,0,0,0,2,3,0,0,1,0,1,0,0,0,1,0,0,0,0,1,1,0,1,0,3,0,1,0
21,3275,1,4,36,1,1,1,4,5,0,1,0,0,0,0,0,0,0,0,1,5,0,0,1,0,1,0,0,0,0,1,0,0,0,1,0,1,1,0,4,0,1,0
30,4583,2,2,32,2,1,1,1,1,0,0,0,1,0,0,0,0,0,0,1,3,1,0,0,0,0,0,1,1,0,0,0,0,0,1,1,0,1,0,3,0,1,0
24,2978,4,4,32,2,2,1,4,4,0,0,0,0,0,0,0,0,0,1,5,3,0,0,1,0,1,0,0,1,0,0,0,0,0,1,0,1,1,0,3,0,1,0
9,458,4,3,24,1,1,1,2,3,0,0,0,0,1,0,0,0,0,0,1,3,0,0,1,0,1,0,0,1,0,0,0,0,0,1,1,0,1,0,3,0,1,0
48,8487,1,2,24,1,1,1,2,3,1,0,0,0,0,0,0,0,0,0,5,4,0,1,0,0,1,0,0,0,0,1,0,0,0,1,1,0,1,0,3,0,1,0
9,936,4,2,52,2,1,1,4,5,0,0,0,0,0,0,0,1,0,0,3,5,0,0,1,0,1,0,0,0,0,1,0,0,0,1,0,1,1,0,3,0,1,0
48,5096,2,3,30,1,1,2,2,5,0,0,0,1,0,0,0,0,0,0,1,3,0,1,0,0,1,0,0,0,0,1,0,0,0,1,0,1,1,0,4,0,1,0
21,1647,4,2,40,2,2,2,1,2,1,0,0,0,0,0,0,0,0,0,5,3,0,0,1,0,1,0,0,0,1,0,0,0,0,1,1,0,1,0,2,0,1,0
24,6314,4,2,27,2,1,1,4,5,0,0,1,0,0,0,0,0,0,0,1,1,0,0,1,0,0,1,0,0,0,0,1,1,0,0,0,1,1,0,4,0,1,0
24,2397,3,2,35,2,1,2,4,3,0,0,0,0,1,0,0,0,0,0,3,5,0,0,1,0,1,0,0,0,0,1,0,1,0,0,0,1,1,0,3,0,1,0
13,882,4,4,23,2,1,1,2,5,0,0,0,0,1,0,0,0,0,0,1,2,0,0,1,0,0,0,1,1,0,0,0,0,0,1,1,0,1,0,3,0,1,0
18,1245,4,2,33,1,1,2,2,5,0,0,0,0,1,0,0,0,0,0,1,3,0,0,0,1,1,0,0,0,0,1,0,0,0,1,1,0,1,0,3,0,1,0
48,5951,2,2,22,1,1,2,2,3,0,0,0,0,1,0,0,0,0,0,1,3,0,1,0,0,1,0,0,1,0,0,0,0,0,1,1,0,1,0,3,0,1,0
21,2319,2,1,33,1,1,2,3,5,0,0,0,0,0,0,0,1,0,0,1,2,1,0,0,0,1,0,0,0,0,1,0,0,0,1,1,0,1,0,3,1,0,0
48,3566,4,2,30,1,1,1,2,2,0,0,0,0,0,0,0,0,0,1,2,4,0,0,1,0,1,0,0,0,0,1,0,0,0,1,1,0,1,0,3,0,1,0
18,1533,4,1,43,1,2,2,4,3,0,0,0,1,0,0,0,0,0,0,1,2,0,0,0,1,0,1,0,0,1,0,0,0,0,1,1,0,1,0,2,0,1,0
21,1572,4,4,36,1,1,1,4,3,0,0,0,0,0,0,0,0,0,1,4,5,0,1,0,0,1,0,0,1,0,0,0,1,0,0,1,0,1,0,2,0,1,0
18,629,4,3,32,2,1,1,4,5,0,0,0,0,1,0,0,0,0,0,3,5,0,0,1,0,1,0,0,0,1,0,0,1,0,0,0,1,1,0,4,0,1,0
6,609,4,3,37,2,1,1,1,5,1,0,0,0,0,0,0,0,0,0,1,4,0,1,0,0,1,0,0,0,1,0,0,0,0,1,1,0,0,1,3,0,1,0
30,1908,4,4,66,1,1,2,3,4,0,0,0,0,0,0,0,0,0,1,1,5,0,0,1,0,1,0,0,1,0,0,0,0,0,1,0,1,1,0,4,0,1,0
18,1568,3,4,24,1,1,1,4,3,0,0,0,0,0,0,0,0,0,1,2,3,0,1,0,0,1,0,0,0,1,0,0,0,0,1,1,0,1,0,2,1,0,0
54,9436,2,2,39,1,2,1,4,1,0,1,0,0,0,0,0,0,0,0,5,3,0,0,1,0,1,0,0,0,1,0,0,0,0,1,1,0,1,0,2,0,1,0
6,4611,1,4,32,1,1,2,4,3,0,0,0,1,0,0,0,0,0,0,1,2,0,1,0,0,1,0,0,0,1,0,0,0,0,1,1,0,1,0,3,0,1,0
36,2671,4,4,50,1,1,2,2,3,0,0,0,0,1,0,0,0,0,0,2,3,0,1,0,0,0,1,0,0,0,0,1,0,0,1,1,0,1,0,3,0,0,1
6,1169,4,4,67,2,1,1,1,5,0,0,0,0,1,0,0,0,0,0,5,5,0,0,1,0,1,0,0,1,0,0,0,0,0,1,0,1,1,0,3,0,1,0
18,3244,1,4,33,2,1,1,2,1,0,0,0,1,0,0,0,0,0,0,1,3,0,1,0,0,1,0,0,0,0,1,0,1,0,0,0,1,1,0,3,0,1,0
36,10974,4,2,26,2,1,2,4,3,0,0,0,1,0,0,0,0,0,0,1,1,0,1,0,0,1,0,0,0,0,1,0,0,0,1,0,1,1,0,4,0,1,0
24,2957,4,4,63,2,1,1,1,5,0,1,0,0,0,0,0,0,0,0,1,5,0,0,1,0,1,0,0,0,1,0,0,0,0,1,0,1,1,0,3,0,1,0
6,1047,2,4,50,1,1,1,3,5,0,0,0,0,0,0,0,1,0,0,1,3,0,1,0,0,1,0,0,0,1,0,0,0,0,1,1,0,1,0,2,0,1,0
36,3804,4,1,42,1,1,2,2,1,0,0,0,0,1,0,0,0,0,0,1,3,0,1,0,0,1,0,0,0,0,1,0,0,0,1,0,1,1,0,3,0,1,0
24,2924,3,4,63,1,2,1,1,3,0,1,0,0,0,0,0,0,0,0,1,3,0,0,1,0,0,0,1,0,0,0,1,1,0,0,0,1,1,0,3,0,1,0
36,5742,2,2,31,2,1,1,4,3,0,0,0,0,0,0,0,0,0,1,2,4,0,0,1,0,1,0,0,0,0,1,0,0,0,1,0,1,1,0,3,0,1,0
21,5003,1,4,29,2,1,2,4,1,1,0,0,0,0,0,0,0,0,0,5,3,0,1,0,0,1,0,0,0,1,0,0,1,0,0,0,1,1,0,3,0,1,0
36,12389,1,4,37,1,1,2,2,3,1,0,0,0,0,0,0,0,0,0,5,3,0,0,1,0,1,0,0,0,0,0,1,0,0,1,0,1,1,0,3,0,0,1
9,1501,2,3,34,2,1,2,2,5,0,0,0,0,0,0,0,1,0,0,1,5,0,1,0,0,1,0,0,0,0,1,0,0,0,1,0,1,1,0,4,0,1,0
45,3031,4,4,21,1,1,2,2,3,0,0,0,0,1,0,0,0,0,0,2,3,0,0,1,0,0,0,1,0,1,0,0,0,0,1,1,0,1,0,3,1,0,0
6,1743,1,2,34,2,1,1,4,4,0,0,0,0,0,0,0,0,0,1,2,3,0,0,1,0,1,0,0,1,0,0,0,0,0,1,1,0,1,0,2,0,1,0
18,3422,4,4,47,3,2,1,4,3,0,0,0,1,0,0,0,0,0,0,1,5,0,0,1,0,1,0,0,0,1,0,0,1,0,0,0,1,1,0,3,0,1,0
18,2169,4,2,28,1,1,2,4,4,0,0,0,0,0,0,0,0,0,1,1,3,0,0,0,1,1,0,0,0,0,1,0,0,0,1,0,1,1,0,3,0,1,0
12,900,4,2,23,1,1,2,1,3,1,0,0,0,0,0,0,0,0,0,5,3,0,0,0,1,1,0,0,0,0,1,0,0,0,1,1,0,1,0,3,0,1,0
24,2346,4,3,35,2,1,1,4,5,0,1,0,0,0,0,0,0,0,0,1,4,0,0,1,0,1,0,0,0,0,1,0,0,0,1,0,1,1,0,3,0,1,0
24,5152,4,2,25,1,1,1,3,3,0,0,0,0,1,0,0,0,0,0,1,4,0,0,1,0,1,0,0,0,0,1,0,1,0,0,1,0,1,0,3,0,1,0
12,2096,2,3,49,1,2,1,4,5,0,0,0,0,0,0,0,1,0,0,1,4,0,0,1,0,1,0,0,1,0,0,0,0,0,1,1,0,1,0,2,0,1,0
24,2032,4,4,60,2,1,1,4,4,1,0,0,0,0,0,0,0,0,0,1,5,0,0,1,0,1,0,0,0,0,0,1,0,0,1,0,1,1,0,3,0,0,1
24,3349,4,4,30,1,2,2,1,2,0,0,0,1,0,0,0,0,0,0,3,2,0,0,1,0,1,0,0,0,0,0,1,0,0,1,0,1,1,0,3,0,0,1
48,3609,1,1,27,1,1,1,4,2,0,0,0,0,0,0,0,0,0,1,1,3,0,1,0,0,1,0,0,1,0,0,0,0,1,0,1,0,1,0,3,0,1,0
18,1887,4,4,28,2,1,1,2,5,0,0,0,0,0,0,0,0,0,1,5,3,0,0,0,1,1,0,0,1,0,0,0,1,0,0,1,0,1,0,3,0,1,0
48,12749,4,1,37,1,1,1,4,4,0,0,0,0,1,0,0,0,0,0,3,4,0,0,1,0,1,0,0,0,0,1,0,0,0,1,0,1,1,0,4,0,1,0
18,3114,1,4,26,1,1,2,1,1,0,0,0,1,0,0,0,0,0,0,1,2,0,1,0,0,1,0,0,0,1,0,0,0,0,1,1,0,1,0,3,1,0,0
18,1817,4,2,28,2,1,1,4,5,0,0,0,1,0,0,0,0,0,0,1,3,0,1,0,0,1,0,0,0,0,0,1,0,0,1,1,0,1,0,3,0,1,0
4,1494,1,2,29,1,2,1,3,3,1,0,0,0,0,0,0,0,0,0,5,2,0,0,1,0,1,0,0,1,0,0,0,0,0,1,1,0,0,1,2,0,1,0
18,3049,1,1,45,1,1,1,3,3,0,0,0,1,0,0,0,0,0,0,1,2,0,1,0,0,1,0,0,0,1,0,0,0,1,0,1,0,1,0,2,0,1,0
24,6403,1,2,33,1,1,1,2,4,0,0,0,0,1,0,0,0,0,0,1,2,0,0,1,0,1,0,0,0,0,1,0,0,0,1,1,0,1,0,3,0,1,0
12,685,2,3,25,1,1,2,2,3,1,0,0,0,0,0,0,0,0,0,1,4,0,0,0,1,1,0,0,0,0,1,0,1,0,0,1,0,1,0,2,0,1,0
18,1239,4,4,61,1,1,1,2,3,0,0,0,0,0,0,0,1,0,0,5,3,0,0,1,0,1,0,0,0,0,0,1,0,0,1,1,0,1,0,3,0,0,1
24,1216,4,4,38,2,2,2,2,5,0,0,0,0,1,0,0,0,0,0,2,2,0,0,1,0,1,0,0,0,0,0,1,1,0,0,1,0,1,0,3,0,1,0
36,7127,2,4,23,2,1,2,4,5,0,0,0,1,0,0,0,0,0,0,1,2,0,1,0,0,1,0,0,0,1,0,0,0,0,1,0,1,1,0,3,1,0,0
24,3660,2,4,28,1,1,1,1,3,0,0,0,0,1,0,0,0,0,0,1,3,0,1,0,0,1,0,0,0,0,1,0,0,0,1,1,0,1,0,3,0,1,0
15,1459,4,2,43,1,1,1,4,5,0,0,0,0,1,0,0,0,0,0,1,3,0,1,0,0,1,0,0,0,0,1,0,0,0,1,1,0,1,0,2,0,1,0
6,454,3,1,22,1,1,1,2,3,0,0,0,0,0,0,1,0,0,0,1,2,0,0,0,1,1,0,0,0,1,0,0,0,0,1,1,0,1,0,2,0,1,0
36,5179,4,2,29,1,1,2,1,3,0,0,0,1,0,0,0,0,0,0,1,4,0,0,1,0,1,0,0,0,1,0,0,0,0,1,1,0,1,0,3,0,1,0
12,902,4,4,21,1,1,2,1,3,0,0,0,0,0,0,0,0,1,0,1,4,0,0,0,1,1,0,0,0,1,0,0,0,0,1,1,0,1,0,3,1,0,0
18,1553,4,3,44,1,1,2,1,2,0,0,0,1,0,0,0,0,0,0,1,3,0,0,1,0,1,0,0,0,0,1,0,1,0,0,1,0,1,0,3,0,1,0
22,2675,3,4,40,1,1,1,4,3,0,0,0,0,1,0,0,0,0,0,3,5,0,0,1,0,1,0,0,0,0,1,0,0,0,1,1,0,1,0,3,0,1,0
18,1113,4,4,26,1,2,1,2,3,0,0,0,0,1,0,0,0,0,0,1,3,0,1,0,0,0,0,1,1,0,0,0,0,0,1,1,0,1,0,2,0,1,0
12,626,4,4,24,1,1,2,1,2,0,0,0,0,1,0,0,0,0,0,1,3,0,1,0,0,1,0,0,1,0,0,0,1,0,0,1,0,1,0,2,0,1,0
36,9629,4,4,24,2,1,2,1,5,0,1,0,0,0,0,0,0,0,0,1,4,0,0,1,0,1,0,0,0,0,1,0,0,0,1,0,1,1,0,3,0,1,0
24,11560,1,4,23,2,1,2,2,3,0,1,0,0,0,0,0,0,0,0,1,3,0,1,0,0,1,0,0,0,0,1,0,0,0,1,1,0,1,0,4,1,0,0
30,2831,4,2,33,1,1,1,4,5,0,0,0,0,1,0,0,0,0,0,1,3,0,1,0,0,1,0,0,0,0,1,0,0,0,1,0,1,1,0,3,0,1,0
9,2118,2,2,37,1,2,1,2,3,0,0,0,0,1,0,0,0,0,0,1,3,0,0,1,0,1,0,0,1,0,0,0,0,0,1,1,0,1,0,2,0,1,0
36,2337,4,4,36,1,1,1,2,5,0,0,0,0,1,0,0,0,0,0,1,5,0,0,1,0,1,0,0,1,0,0,0,0,0,1,1,0,1,0,3,0,1,0
18,6361,2,1,41,1,1,1,2,5,0,0,0,1,0,0,0,0,0,0,1,5,0,0,1,0,1,0,0,0,0,0,1,0,0,1,0,1,1,0,3,0,1,0
6,1374,4,3,75,1,1,1,1,3,1,0,0,0,0,0,0,0,0,0,5,1,0,1,0,0,1,0,0,0,1,0,0,0,0,1,0,1,1,0,4,0,1,0
12,639,4,2,30,1,1,2,2,3,0,0,0,0,0,0,1,0,0,0,1,3,0,0,1,0,1,0,0,0,0,1,0,0,0,1,1,0,1,0,3,0,1,0
36,1819,4,4,37,1,1,2,4,3,0,0,0,0,0,0,0,1,0,0,1,3,0,0,1,0,1,0,0,0,0,0,1,0,1,0,0,1,1,0,3,0,0,1
12,1223,1,1,46,2,1,2,2,3,1,0,0,0,0,0,0,0,0,0,1,5,1,0,0,0,1,0,0,1,0,0,0,0,0,1,1,0,1,0,3,1,0,0
48,15672,2,2,23,1,1,2,2,3,0,0,0,0,0,0,0,0,0,1,1,3,0,0,1,0,1,0,0,0,0,1,0,0,0,1,0,1,1,0,3,0,1,0
9,1437,2,3,29,1,1,2,2,2,1,0,0,0,0,0,0,0,0,0,2,4,0,0,1,0,1,0,0,0,0,0,1,0,0,1,1,0,1,0,3,0,1,0
12,3565,2,1,37,2,2,1,4,5,0,0,0,0,0,0,0,1,0,0,5,2,0,0,1,0,1,0,0,0,1,0,0,0,0,1,1,0,1,0,2,0,1,0
24,2359,1,1,33,1,1,2,1,3,0,0,0,1,0,0,0,0,0,0,2,1,1,0,0,0,1,0,0,0,1,0,0,0,0,1,1,0,1,0,3,0,1,0
36,9271,2,1,24,1,1,2,1,3,1,0,0,0,0,0,0,0,0,0,1,4,0,0,1,0,1,0,0,0,0,1,0,0,0,1,0,1,1,0,3,0,1,0
6,666,3,4,39,2,1,1,1,5,1,0,0,0,0,0,0,0,0,0,4,4,0,1,0,0,1,0,0,1,0,0,0,0,0,1,0,1,1,0,2,0,1,0
12,701,4,2,40,1,1,1,1,3,0,0,0,0,1,0,0,0,0,0,1,3,0,0,0,1,1,0,0,1,0,0,0,0,0,1,1,0,1,0,2,0,1,0
10,1240,1,4,48,1,2,2,3,3,1,0,0,0,0,0,0,0,0,0,2,5,0,1,0,0,1,0,0,0,0,0,1,0,0,1,1,0,1,0,2,0,0,1
9,2697,1,2,32,1,2,1,4,3,0,0,0,0,1,0,0,0,0,0,1,3,0,0,1,0,1,0,0,1,0,0,0,0,0,1,1,0,1,0,3,0,1,0
12,1297,3,4,23,1,1,1,3,3,0,0,0,0,1,0,0,0,0,0,1,3,0,0,0,1,1,0,0,1,0,0,0,0,0,1,1,0,1,0,3,1,0,0
24,4110,3,4,23,2,2,2,1,1,0,0,0,1,0,0,0,0,0,0,1,5,0,0,1,0,1,0,0,0,0,0,1,1,0,0,1,0,1,0,3,1,0,0
9,1082,4,4,27,2,1,1,2,3,0,0,0,0,1,0,0,0,0,0,1,5,0,0,1,0,1,0,0,0,0,1,0,0,0,1,1,0,1,0,2,0,1,0
14,3973,1,4,22,1,1,1,1,3,1,0,0,0,0,0,0,0,0,0,1,1,0,0,1,0,1,0,0,0,0,0,1,0,0,1,1,0,1,0,3,0,0,1
24,3512,2,3,38,2,1,1,2,3,1,0,0,0,0,0,0,0,0,0,2,4,0,0,1,0,1,0,0,0,0,1,0,1,0,0,0,1,1,0,3,0,1,0
10,2069,2,1,26,2,1,1,4,5,0,0,0,1,0,0,0,0,0,0,5,3,0,0,0,1,1,0,0,0,0,1,0,0,0,1,1,0,0,1,3,0,1,0
12,1680,3,1,35,1,1,1,1,3,0,0,0,0,1,0,0,0,0,0,3,5,0,0,0,1,1,0,0,1,0,0,0,0,0,1,1,0,1,0,3,0,1,0
24,5433,2,4,26,1,1,1,4,3,0,1,0,0,0,0,0,0,0,0,5,1,0,1,0,0,1,0,0,0,1,0,0,0,0,1,0,1,1,0,4,1,0,0
42,7166,2,4,29,1,1,1,4,3,0,0,0,0,1,0,0,0,0,0,5,4,0,0,0,1,1,0,0,0,1,0,0,0,0,1,0,1,1,0,3,1,0,0
15,1721,2,3,36,1,1,1,1,3,1,0,0,0,0,0,0,0,0,0,1,2,0,0,1,0,1,0,0,1,0,0,0,0,0,1,1,0,1,0,3,0,1,0
24,1207,4,4,24,1,1,2,1,3,1,0,0,0,0,0,0,0,0,0,1,2,0,1,0,0,1,0,0,0,1,0,0,0,0,1,1,0,1,0,3,1,0,0
36,909,4,4,36,1,1,1,4,3,1,0,0,0,0,0,0,0,0,0,3,5,0,0,1,0,1,0,0,0,1,0,0,0,0,1,1,0,1,0,3,0,1,0
7,2576,2,2,35,1,1,1,2,3,0,0,0,0,1,0,0,0,0,0,1,3,0,0,1,0,0,0,1,1,0,0,0,0,0,1,1,0,1,0,3,0,1,0
18,1582,4,4,46,2,1,1,4,5,0,0,0,0,1,0,0,0,0,0,4,5,0,0,1,0,1,0,0,0,0,1,0,0,0,1,1,0,1,0,3,0,1,0
18,2320,2,3,34,2,1,1,4,4,0,0,0,0,1,0,0,0,0,0,1,1,0,0,0,1,1,0,0,1,0,0,0,0,0,1,1,0,1,0,3,0,1,0
10,1231,3,4,32,2,2,1,4,5,1,0,0,0,0,0,0,0,0,0,1,5,0,0,1,0,1,0,0,1,0,0,0,0,0,1,1,0,0,1,2,0,1,0
12,2012,4,2,61,1,1,1,4,5,0,0,0,0,0,0,0,1,0,0,5,4,0,1,0,0,1,0,0,0,0,1,0,0,0,1,1,0,1,0,3,0,1,0
24,6967,4,4,36,1,1,1,2,4,0,0,0,0,0,0,0,0,0,1,2,4,0,0,1,0,1,0,0,0,0,1,0,0,0,1,0,1,1,0,4,1,0,0
24,2828,4,4,22,1,1,1,1,2,0,0,0,1,0,0,0,0,0,0,3,3,0,0,1,0,1,0,0,1,0,0,0,0,1,0,0,1,1,0,3,0,1,0
21,3599,1,4,26,1,1,1,1,3,0,0,0,1,0,0,0,0,0,0,1,4,0,1,0,0,1,0,0,0,0,1,0,0,0,1,1,0,1,0,2,1,0,0
18,3213,1,3,25,1,1,1,2,3,0,0,0,0,1,0,0,0,0,0,3,2,0,0,0,1,1,0,0,1,0,0,0,0,0,1,1,0,1,0,3,1,0,0
36,2348,3,2,46,2,1,1,1,5,0,0,0,1,0,0,0,0,0,0,1,3,0,0,0,1,1,0,0,0,1,0,0,0,0,1,0,1,1,0,3,0,1,0
12,6199,4,2,28,2,1,2,1,1,0,0,0,0,1,0,0,0,0,0,1,3,0,0,1,0,1,0,0,0,1,0,0,0,0,1,0,1,1,0,3,1,0,0
18,6260,3,3,28,1,1,1,2,3,1,0,0,0,0,0,0,0,0,0,1,4,0,0,1,0,1,0,0,1,0,0,0,0,0,1,1,0,1,0,2,1,0,0
18,1453,3,1,26,1,1,1,4,3,0,0,0,0,1,0,0,0,0,0,1,2,0,1,0,0,1,0,0,1,0,0,0,0,0,1,1,0,1,0,3,0,1,0
24,3757,4,4,62,1,1,1,4,3,1,0,0,0,0,0,0,0,0,0,1,5,0,1,0,0,0,1,0,0,0,0,1,0,0,1,0,1,1,0,3,0,0,1
24,2303,4,1,45,1,1,2,1,3,1,0,0,0,0,0,0,0,0,0,1,5,0,0,1,0,0,1,0,1,0,0,0,0,0,1,1,0,1,0,3,0,1,0
36,7678,2,4,40,2,1,1,4,4,0,0,0,1,0,0,0,0,0,0,3,4,0,1,0,0,1,0,0,0,0,1,0,0,0,1,0,1,1,0,3,0,1,0
12,841,2,4,23,1,1,1,2,3,0,0,0,0,0,0,0,0,0,1,2,4,0,1,0,0,1,0,0,1,0,0,0,0,0,1,1,0,1,0,2,1,0,0
48,6560,3,2,24,1,1,2,2,3,1,0,0,0,0,0,0,0,0,0,2,4,0,0,1,0,1,0,0,0,1,0,0,0,0,1,1,0,1,0,3,0,1,0
11,1154,4,4,57,3,1,1,4,5,0,0,0,0,1,0,0,0,0,0,2,1,0,1,0,0,1,0,0,1,0,0,0,0,0,1,1,0,1,0,2,0,1,0
36,3835,2,4,45,1,1,1,4,3,0,0,0,0,1,0,0,0,0,0,5,5,0,1,0,0,1,0,0,1,0,0,0,0,0,1,0,1,1,0,2,0,1,0
48,6681,4,4,38,1,2,1,2,4,0,0,0,0,0,0,0,0,0,1,5,3,0,0,1,0,1,0,0,0,0,0,1,0,0,1,0,1,1,0,3,0,0,1
24,4113,3,4,28,1,1,2,2,3,0,1,0,0,0,0,0,0,0,0,3,2,0,1,0,0,1,0,0,0,0,1,0,0,0,1,1,0,1,0,3,1,0,0
12,1274,3,1,37,1,1,2,1,3,1,0,0,0,0,0,0,0,0,0,1,2,0,1,0,0,1,0,0,1,0,0,0,0,0,1,1,0,1,0,2,0,1,0
18,1880,4,1,32,2,1,1,1,5,0,0,0,0,1,0,0,0,0,0,1,4,0,0,0,1,1,0,0,0,1,0,0,0,0,1,0,1,1,0,4,0,1,0
24,7721,1,2,30,1,1,1,1,3,0,0,0,1,0,0,0,0,0,0,5,2,0,1,0,0,1,0,0,0,1,0,0,0,0,1,0,1,0,1,3,0,1,0
18,866,4,2,25,1,1,1,2,3,0,0,0,0,1,0,0,0,0,0,1,3,0,0,0,1,0,0,1,1,0,0,0,0,0,1,1,0,1,0,2,0,1,0
12,339,4,1,45,1,1,1,1,2,0,0,0,0,0,0,0,0,1,0,1,5,0,0,0,1,1,0,0,0,0,1,0,1,0,0,1,0,1,0,2,0,1,0
24,1355,3,4,25,1,1,2,2,3,1,0,0,0,0,0,0,0,0,0,1,2,0,1,0,0,1,0,0,0,0,1,0,0,0,1,0,1,1,0,2,0,1,0
12,2445,2,4,26,1,1,1,4,3,0,1,0,0,0,0,0,0,0,0,5,2,0,0,0,1,1,0,0,0,0,1,0,0,0,1,0,1,1,0,3,1,0,0
12,930,4,4,65,4,1,1,4,5,0,0,0,0,1,0,0,0,0,0,5,5,0,0,1,0,1,0,0,1,0,0,0,0,0,1,1,0,1,0,3,0,1,0
18,1961,3,2,23,1,1,1,3,3,1,0,0,0,0,0,0,0,0,0,1,5,0,1,0,0,1,0,0,0,0,1,0,0,0,1,1,0,1,0,4,0,1,0
18,6204,2,4,44,1,2,1,2,4,0,0,0,0,0,0,1,0,0,0,1,3,0,0,1,0,1,0,0,1,0,0,0,0,0,1,0,1,1,0,2,0,1,0
18,1149,4,3,46,2,1,1,4,5,0,0,0,0,1,0,0,0,0,0,4,3,0,0,1,0,1,0,0,1,0,0,0,0,0,1,1,0,1,0,3,0,1,0
12,618,4,4,56,1,1,1,4,5,0,0,0,0,1,0,0,0,0,0,1,5,0,0,1,0,1,0,0,1,0,0,0,0,0,1,1,0,1,0,3,0,1,0
24,1442,4,4,23,2,1,2,1,3,1,0,0,0,0,0,0,0,0,0,1,4,0,1,0,0,1,0,0,0,0,1,0,0,0,1,1,0,1,0,3,1,0,0
18,2039,1,4,20,1,1,2,1,3,0,0,0,1,0,0,0,0,0,0,1,3,0,1,0,0,1,0,0,1,0,0,0,1,0,0,1,0,1,0,3,1,0,0
9,1206,4,4,25,1,1,1,2,3,0,0,0,0,1,0,0,0,0,0,1,5,0,1,0,0,1,0,0,1,0,0,0,0,0,1,1,0,1,0,3,0,1,0
10,1597,3,2,40,1,2,1,4,3,1,0,0,0,0,0,0,0,0,0,3,3,0,0,1,0,1,0,0,0,0,0,1,0,0,1,1,0,0,1,2,1,0,0
8,731,4,4,47,2,1,1,1,5,1,0,0,0,0,0,0,0,0,0,1,5,0,0,1,0,1,0,0,1,0,0,0,0,0,1,1,0,1,0,2,0,1,0
18,3229,2,4,38,1,1,1,4,5,0,1,0,0,0,0,0,0,0,0,5,1,0,0,1,0,1,0,0,0,0,0,1,0,0,1,0,1,1,0,4,0,1,0
12,2121,4,2,30,2,1,1,1,5,1,0,0,0,0,0,0,0,0,0,1,3,0,0,1,0,1,0,0,0,1,0,0,0,0,1,1,0,1,0,3,0,1,0
9,959,1,2,29,1,1,2,2,3,0,0,0,1,0,0,0,0,0,0,1,3,0,1,0,0,1,0,0,0,0,1,0,0,0,1,1,0,0,1,3,0,1,0
12,3617,1,4,28,3,1,1,2,5,0,0,0,1,0,0,0,0,0,0,1,5,0,0,1,0,1,0,0,0,0,1,0,0,0,1,0,1,1,0,3,1,0,0
30,4272,2,2,26,2,1,1,4,4,0,0,0,0,0,0,0,0,0,1,2,3,0,0,1,0,1,0,0,0,1,0,0,0,0,1,1,0,1,0,2,0,1,0
36,8229,2,2,26,1,2,2,1,3,0,1,0,0,0,0,0,0,0,0,1,3,0,0,1,0,1,0,0,0,1,0,0,0,0,1,1,0,1,0,3,0,1,0
30,10623,3,4,38,3,2,1,1,5,0,1,0,0,0,0,0,0,0,0,1,5,0,0,1,0,1,0,0,0,0,0,1,0,0,1,0,1,1,0,4,0,0,1
9,1313,1,4,20,1,1,1,4,3,0,0,0,1,0,0,0,0,0,0,1,5,0,0,1,0,1,0,0,0,0,1,0,0,0,1,1,0,1,0,3,0,1,0
15,2687,2,4,26,1,1,1,3,3,0,0,0,0,0,0,0,0,0,1,1,4,0,0,1,0,1,0,0,0,1,0,0,0,0,1,0,1,1,0,3,1,0,0
15,802,4,3,37,1,2,2,2,3,0,0,0,0,1,0,0,0,0,0,1,5,0,0,1,0,1,0,0,0,0,1,0,0,0,1,1,0,1,0,3,0,1,0
6,1352,1,2,23,1,1,1,1,3,0,1,0,0,0,0,0,0,0,0,3,1,0,1,0,0,1,0,0,0,1,0,0,0,0,1,0,1,1,0,1,1,0,0
10,727,4,4,46,1,1,1,4,3,0,0,0,0,0,0,0,1,0,0,3,5,0,0,1,0,1,0,0,0,0,0,1,0,0,1,0,1,1,0,3,0,0,1
30,4221,2,1,28,2,1,1,2,1,0,0,0,0,0,0,0,0,0,1,1,3,0,1,0,0,1,0,0,0,0,1,0,0,0,1,1,0,1,0,3,0,1,0
36,11054,4,2,30,1,1,1,4,5,0,1,0,0,0,0,0,0,0,0,5,3,0,0,1,0,1,0,0,0,0,1,0,0,0,1,0,1,1,0,4,0,1,0
18,2404,2,2,26,2,1,1,4,5,0,0,0,0,1,0,0,0,0,0,1,3,0,1,0,0,1,0,0,0,0,1,0,0,0,1,1,0,1,0,3,0,1,0
40,5998,4,3,27,1,1,2,1,5,0,0,0,0,0,0,0,1,0,0,1,3,0,0,1,0,1,0,0,0,0,0,1,1,0,0,0,1,1,0,3,0,1,0
12,926,1,2,38,1,1,1,4,5,1,0,0,0,0,0,0,0,0,0,1,1,0,1,0,0,1,0,0,0,1,0,0,0,0,1,1,0,1,0,1,0,1,0
22,1283,4,4,25,1,1,1,4,3,1,0,0,0,0,0,0,0,0,0,5,4,0,1,0,0,1,0,0,0,1,0,0,0,0,1,1,0,1,0,3,1,0,0
18,1936,2,4,23,2,1,1,1,3,0,0,0,0,1,0,0,0,0,0,5,4,0,0,0,1,1,0,0,0,0,1,0,0,0,1,1,0,1,0,2,1,0,0
12,958,2,3,47,2,2,1,2,5,1,0,0,0,0,0,0,0,0,0,1,4,0,0,1,0,1,0,0,1,0,0,0,0,0,1,1,0,1,0,2,0,1,0
48,3051,3,4,54,1,1,2,1,3,0,0,0,0,0,1,0,0,0,0,1,3,0,0,1,0,1,0,0,0,0,1,0,0,0,1,1,0,1,0,3,0,1,0
12,1185,3,2,27,2,1,1,4,5,0,0,0,0,0,0,0,0,0,1,1,3,0,1,0,0,1,0,0,1,0,0,0,0,0,1,1,0,1,0,3,0,1,0
24,6842,2,4,46,2,2,1,4,5,0,1,0,0,0,0,0,0,0,0,5,3,0,0,1,0,1,0,0,0,1,0,0,0,0,1,0,1,1,0,4,0,1,0
21,2767,4,2,61,2,1,2,2,3,0,0,0,0,0,0,0,0,0,1,2,5,1,0,0,0,1,0,0,0,0,1,0,1,0,0,1,0,1,0,2,1,0,0
18,2462,2,2,22,1,1,2,1,3,0,0,0,1,0,0,0,0,0,0,1,3,0,0,1,0,1,0,0,0,0,1,0,0,0,1,1,0,1,0,3,0,1,0
18,2100,4,2,37,1,1,2,3,3,0,0,0,0,1,0,0,0,0,0,1,3,0,0,1,0,0,1,0,1,0,0,0,0,1,0,1,0,1,0,3,0,1,0
36,3711,2,2,27,1,1,1,2,3,0,0,0,0,0,0,0,1,0,0,5,3,0,0,0,1,1,0,0,0,0,1,0,0,0,1,1,0,1,0,3,0,1,0
18,2662,4,3,32,1,1,1,4,3,1,0,0,0,0,0,0,0,0,0,5,4,0,0,1,0,1,0,0,0,1,0,0,0,0,1,1,0,0,1,3,0,1,0
12,1768,3,2,24,1,1,1,4,3,0,0,0,1,0,0,0,0,0,0,1,3,0,0,1,0,1,0,0,1,0,0,0,0,0,1,1,0,1,0,2,1,0,0
8,907,3,2,26,1,1,1,2,3,0,0,0,0,0,0,0,0,0,1,1,2,0,0,0,1,1,0,0,1,0,0,0,0,0,1,0,1,1,0,3,0,1,0
24,1199,4,4,60,2,1,2,1,5,1,0,0,0,0,0,0,0,0,0,1,5,0,0,1,0,1,0,0,0,0,1,0,0,0,1,1,0,1,0,2,0,1,0
21,12680,4,4,30,1,1,2,4,5,1,0,0,0,0,0,0,0,0,0,5,5,0,0,1,0,1,0,0,0,0,0,1,0,0,1,0,1,1,0,4,0,0,1
48,12204,2,2,48,1,1,1,2,1,0,0,0,0,0,0,0,0,0,1,5,3,0,0,1,0,1,0,0,0,0,1,0,1,0,0,0,1,1,0,4,0,1,0
12,2171,2,2,29,1,1,1,4,3,0,0,0,0,1,0,0,0,0,0,1,2,0,1,0,0,1,0,0,0,0,1,0,1,0,0,1,0,1,0,3,0,1,0
6,1050,4,1,35,2,1,1,2,4,0,0,0,1,0,0,0,0,0,0,1,1,0,0,1,0,1,0,0,0,1,0,0,0,1,0,0,1,1,0,4,0,1,0
18,3509,4,1,25,1,1,1,1,3,0,0,0,0,1,0,0,0,0,0,1,4,0,1,0,0,0,0,1,1,0,0,0,0,0,1,1,0,1,0,3,0,1,0
30,4249,4,2,28,2,1,2,2,5,1,0,0,0,0,0,0,0,0,0,1,1,0,0,0,1,1,0,0,0,0,1,0,0,0,1,1,0,1,0,4,0,1,0
27,5965,1,2,30,2,1,1,2,4,0,1,0,0,0,0,0,0,0,0,1,5,0,0,1,0,1,0,0,0,0,1,0,0,0,1,0,1,1,0,4,0,1,0
28,2743,4,2,29,2,1,1,4,5,0,0,0,0,1,0,0,0,0,0,1,5,0,0,1,0,1,0,0,0,0,1,0,0,0,1,1,0,1,0,3,0,1,0
18,3378,2,1,31,1,1,1,4,3,0,1,0,0,0,0,0,0,0,0,5,3,0,0,1,0,1,0,0,0,1,0,0,0,0,1,0,1,1,0,3,0,1,0
24,2872,3,4,36,1,2,1,4,5,0,0,0,0,1,0,0,0,0,0,2,5,0,0,1,0,1,0,0,1,0,0,0,0,0,1,0,1,1,0,3,0,1,0
36,5842,2,2,35,2,2,1,4,5,0,1,0,0,0,0,0,0,0,0,1,5,0,0,1,0,1,0,0,0,1,0,0,0,0,1,0,1,1,0,3,0,1,0
6,1766,1,2,21,1,1,1,4,3,0,0,0,1,0,0,0,0,0,0,1,3,0,0,0,1,1,0,0,0,1,0,0,0,0,1,1,0,1,0,3,1,0,0
21,1835,3,2,25,2,1,2,1,3,0,0,0,0,1,0,0,0,0,0,1,3,0,1,0,0,1,0,0,1,0,0,0,0,0,1,0,1,1,0,3,0,1,0
18,3780,3,2,35,2,1,1,4,5,0,0,0,1,0,0,0,0,0,0,1,2,1,0,0,0,1,0,0,0,0,1,0,0,0,1,0,1,1,0,4,0,1,0
18,2427,4,2,42,2,1,1,2,4,0,0,0,0,0,0,0,0,0,1,5,5,0,0,1,0,1,0,0,0,1,0,0,0,0,1,1,0,1,0,3,0,1,0
36,15857,2,3,43,1,1,1,1,3,0,0,1,0,0,0,0,0,0,0,1,1,1,0,0,0,0,1,0,0,0,1,0,0,0,1,1,0,1,0,4,0,1,0
24,4042,3,4,43,2,1,1,4,5,0,1,0,0,0,0,0,0,0,0,5,4,0,0,1,0,1,0,0,0,1,0,0,0,0,1,0,1,1,0,3,0,1,0
36,4795,4,1,30,1,1,1,2,3,0,0,0,0,1,0,0,0,0,0,1,2,0,1,0,0,1,0,0,0,0,0,1,0,0,1,0,1,1,0,4,0,1,0
12,1168,4,3,27,1,1,1,1,3,1,0,0,0,0,0,0,0,0,0,1,3,0,0,0,1,1,0,0,1,0,0,0,0,0,1,1,0,1,0,2,0,1,0
12,2578,3,4,55,1,1,1,1,3,0,0,0,1,0,0,0,0,0,0,1,1,0,1,0,0,1,0,0,0,0,0,1,0,0,1,1,0,1,0,4,0,0,1
24,2424,4,4,53,2,1,1,4,5,0,0,0,0,1,0,0,0,0,0,5,5,0,0,1,0,1,0,0,0,1,0,0,0,0,1,1,0,1,0,3,0,1,0
6,931,1,1,32,1,1,2,2,2,1,0,0,0,0,0,0,0,0,0,2,2,0,1,0,0,1,0,0,0,1,0,0,0,1,0,1,0,1,0,2,0,1,0
30,2991,2,4,25,1,1,1,2,3,0,0,0,0,1,0,0,0,0,0,5,5,0,1,0,0,1,0,0,0,0,1,0,0,0,1,1,0,1,0,3,0,1,0
24,2825,4,3,34,2,2,1,2,5,0,0,0,0,0,0,0,0,0,1,5,4,0,0,1,0,1,0,0,0,0,0,1,0,0,1,0,1,1,0,3,0,1,0
21,1591,4,3,34,2,1,1,4,4,0,0,0,1,0,0,0,0,0,0,2,4,0,0,1,0,1,0,0,1,0,0,0,0,0,1,1,0,1,0,4,0,1,0
6,343,4,1,27,1,1,1,1,3,0,0,0,0,0,1,0,0,0,0,1,2,0,1,0,0,1,0,0,1,0,0,0,0,0,1,1,0,1,0,3,0,1,0
36,2302,4,4,31,1,1,2,1,3,0,0,0,0,1,0,0,0,0,0,1,3,1,0,0,0,1,0,0,0,0,1,0,0,0,1,1,0,1,0,3,1,0,0
12,1409,4,3,54,1,1,1,1,5,0,1,0,0,0,0,0,0,0,0,1,5,0,0,1,0,1,0,0,1,0,0,0,0,0,1,1,0,1,0,3,0,1,0
24,3149,4,1,22,1,1,1,1,3,0,0,0,1,0,0,0,0,0,0,1,2,0,0,1,0,1,0,0,0,0,0,1,1,0,0,1,0,1,0,3,0,0,1
39,4933,2,2,25,2,1,2,2,5,0,0,0,0,1,0,0,0,0,0,1,4,0,0,1,0,0,0,1,1,0,0,0,0,0,1,1,0,1,0,3,0,1,0
36,3446,4,2,42,1,2,2,1,3,0,0,0,1,0,0,0,0,0,0,1,5,0,0,1,0,1,0,0,0,0,1,0,0,0,1,1,0,1,0,3,0,1,0
20,7057,3,4,36,2,2,1,2,4,0,1,0,0,0,0,0,0,0,0,5,4,0,0,1,0,1,0,0,0,1,0,0,1,0,0,0,1,1,0,4,1,0,0
12,1493,4,3,34,1,2,1,4,3,0,0,0,0,1,0,0,0,0,0,1,2,0,1,0,0,1,0,0,0,0,1,0,0,0,1,1,0,1,0,3,0,1,0
6,1346,2,4,42,1,2,1,4,3,0,0,0,0,1,0,0,0,0,0,2,5,0,0,1,0,1,0,0,0,0,0,1,1,0,0,0,1,1,0,3,0,0,1
72,5595,2,2,24,1,1,2,2,3,0,0,0,0,1,0,0,0,0,0,2,3,0,0,0,1,1,0,0,0,0,1,0,0,0,1,1,0,1,0,3,0,1,0
24,947,4,3,38,1,2,2,3,3,1,0,0,0,0,0,0,0,0,0,1,4,0,0,1,0,1,0,0,0,0,0,1,1,0,0,1,0,1,0,3,0,0,1
4,3380,1,1,37,1,2,1,4,5,1,0,0,0,0,0,0,0,0,0,1,4,0,1,0,0,1,0,0,1,0,0,0,0,0,1,1,0,1,0,3,0,1,0
21,2353,1,4,47,2,1,1,2,4,1,0,0,0,0,0,0,0,0,0,1,3,1,0,0,0,1,0,0,0,1,0,0,0,0,1,1,0,1,0,3,0,1,0
24,6615,2,4,75,2,1,1,1,5,0,1,0,0,0,0,0,0,0,0,1,1,0,0,1,0,1,0,0,0,0,0,1,0,0,1,0,1,1,0,4,0,0,1
24,2439,4,4,35,1,1,2,1,3,0,0,0,0,1,0,0,0,0,0,1,2,0,1,0,0,1,0,0,1,0,0,0,0,0,1,0,1,1,0,3,0,1,0
15,4623,3,2,40,1,1,2,4,3,0,0,0,0,0,0,0,1,0,0,2,3,0,0,1,0,1,0,0,0,1,0,0,0,0,1,0,1,1,0,4,0,1,0
12,3447,4,3,35,1,2,1,4,2,0,0,0,0,0,0,0,0,1,0,3,3,0,1,0,0,1,0,0,1,0,0,0,0,0,1,1,0,1,0,2,0,1,0
9,2507,2,4,51,1,1,1,4,3,1,0,0,0,0,0,0,0,0,0,3,5,0,0,1,0,1,0,0,0,0,0,1,0,0,1,1,0,1,0,2,0,0,1
36,9398,1,4,28,1,1,2,2,3,0,1,0,0,0,0,0,0,0,0,1,2,0,0,0,1,1,0,0,0,0,1,0,0,0,1,0,1,1,0,4,1,0,0
12,3590,2,2,29,1,2,1,1,3,0,0,0,1,0,0,0,0,0,0,1,3,0,0,1,0,0,1,0,0,1,0,0,0,0,1,1,0,1,0,2,0,1,0
48,2751,4,3,38,2,2,1,4,5,0,1,0,0,0,0,0,0,0,0,5,5,0,0,1,0,1,0,0,0,0,1,0,0,0,1,0,1,1,0,3,0,1,0
6,3384,1,4,44,1,1,2,1,5,0,0,0,1,0,0,0,0,0,0,1,3,1,0,0,0,1,0,0,1,0,0,0,0,0,1,0,1,1,0,4,1,0,0
9,1154,2,4,37,3,1,1,2,5,0,0,0,0,1,0,0,0,0,0,1,5,0,0,1,0,1,0,0,1,0,0,0,0,0,1,1,0,1,0,2,0,1,0
60,10144,2,4,21,1,1,1,4,3,0,0,0,0,1,0,0,0,0,0,2,4,0,1,0,0,1,0,0,1,0,0,0,0,0,1,0,1,1,0,3,0,1,0
27,2528,4,1,32,1,2,1,2,3,0,0,0,0,0,0,0,0,0,1,1,2,0,1,0,0,1,0,0,0,1,0,0,0,0,1,0,1,1,0,3,0,1,0
24,1823,4,2,30,1,2,2,1,3,0,0,0,0,1,0,0,0,0,0,1,1,0,0,1,0,1,0,0,0,0,1,0,0,1,0,1,0,1,0,4,0,1,0
24,2892,3,4,51,1,1,1,3,3,0,0,0,1,0,0,0,0,0,0,1,5,1,0,0,0,1,0,0,0,0,0,1,0,0,1,1,0,1,0,3,0,0,1
21,2606,4,4,28,1,1,1,1,3,0,0,0,0,1,0,0,0,0,0,1,2,0,1,0,0,1,0,0,0,1,0,0,0,0,1,0,1,1,0,4,1,0,0
30,3108,2,4,31,1,1,2,1,3,0,0,0,1,0,0,0,0,0,0,1,2,1,0,0,0,1,0,0,0,1,0,0,0,0,1,1,0,1,0,2,0,1,0
6,1595,3,2,51,1,2,1,4,3,0,0,0,0,1,0,0,0,0,0,1,4,0,0,1,0,1,0,0,0,1,0,0,0,0,1,1,0,1,0,3,0,1,0
6,2647,2,3,44,1,2,1,1,3,0,0,0,0,1,0,0,0,0,0,3,3,0,0,1,0,1,0,0,1,0,0,0,0,0,1,1,0,1,0,3,1,0,0
24,2463,4,3,27,2,1,1,4,5,1,0,0,0,0,0,0,0,0,0,2,4,0,0,0,1,1,0,0,0,1,0,0,0,0,1,0,1,1,0,3,0,1,0
6,1203,3,2,43,1,1,1,1,3,1,0,0,0,0,0,0,0,0,0,2,5,0,0,1,0,1,0,0,0,1,0,0,0,0,1,0,1,1,0,3,0,1,0
24,1747,4,1,24,1,1,1,1,3,0,0,0,1,0,0,0,0,0,0,1,2,0,0,1,0,0,1,0,0,1,0,0,0,0,1,1,0,0,1,2,0,1,0
48,3060,4,4,28,2,1,2,2,3,0,0,0,0,1,0,0,0,0,0,1,4,0,0,1,0,1,0,0,1,0,0,0,0,0,1,1,0,1,0,3,0,1,0
4,1544,2,1,42,3,2,1,4,5,0,0,0,0,1,0,0,0,0,0,1,4,0,0,1,0,1,0,0,1,0,0,0,0,0,1,1,0,1,0,2,0,1,0
48,14421,2,2,25,1,1,2,2,1,0,0,0,0,0,0,0,0,0,1,1,3,0,0,1,0,1,0,0,0,0,1,0,0,0,1,0,1,1,0,3,0,1,0
12,1503,4,4,41,1,1,1,4,4,0,1,0,0,0,0,0,0,0,0,1,3,0,0,0,1,1,0,0,1,0,0,0,0,0,1,1,0,1,0,3,1,0,0
10,1048,4,4,23,1,1,1,2,2,0,0,0,0,1,0,0,0,0,0,1,3,0,0,1,0,1,0,0,1,0,0,0,0,1,0,1,0,1,0,2,0,1,0
6,932,3,2,24,1,1,1,4,4,0,0,0,0,1,0,0,0,0,0,1,3,0,1,0,0,1,0,0,1,0,0,0,0,0,1,1,0,1,0,3,0,1,0
10,2241,1,3,48,2,2,1,1,5,1,0,0,0,0,0,0,0,0,0,1,2,0,0,1,0,1,0,0,1,0,0,0,0,0,1,1,0,0,1,2,1,0,0
24,4169,4,4,28,1,1,1,1,3,0,0,0,1,0,0,0,0,0,0,1,3,0,0,1,0,1,0,0,0,1,0,0,0,0,1,1,0,1,0,3,0,1,0
48,5381,3,4,40,1,1,1,2,3,0,0,1,0,0,0,0,0,0,0,5,1,0,0,1,0,1,0,0,0,0,0,1,1,0,0,0,1,1,0,1,0,0,1
12,7472,1,2,24,1,1,1,2,3,1,0,0,0,0,0,0,0,0,0,5,1,0,1,0,0,1,0,0,1,0,0,0,0,0,1,1,0,1,0,1,1,0,0
9,1478,4,2,22,1,1,2,4,3,0,0,0,0,1,0,0,0,0,0,1,4,0,0,1,0,1,0,0,0,0,1,0,0,0,1,1,0,1,0,3,0,1,0
12,709,4,4,57,1,1,2,1,3,0,0,0,0,1,0,0,0,0,0,1,5,0,0,1,0,1,0,0,1,0,0,0,0,1,0,1,0,1,0,2,0,1,0
30,3656,4,4,49,2,1,1,3,5,0,0,0,0,1,0,0,0,0,0,5,5,0,0,1,0,1,0,0,0,1,0,0,0,1,0,1,0,1,0,2,0,1,0
48,12169,4,4,36,1,1,1,2,2,1,0,0,0,0,0,0,0,0,0,5,1,0,0,1,0,0,1,0,0,0,0,1,0,0,1,0,1,1,0,4,0,0,1
6,1449,1,2,31,2,2,1,2,4,0,0,0,0,0,0,0,0,0,1,2,5,1,0,0,0,1,0,0,0,0,1,0,1,0,0,1,0,1,0,3,0,1,0
12,1200,4,4,23,1,1,1,1,3,0,0,0,0,0,0,0,1,0,0,5,3,0,1,0,0,1,0,0,0,1,0,0,1,0,0,0,1,1,0,3,1,0,0
27,5293,2,4,50,2,1,2,1,1,0,0,0,0,0,0,0,0,0,1,1,1,0,0,1,0,1,0,0,0,1,0,0,0,1,0,0,1,1,0,3,0,1,0
36,1977,4,4,40,1,1,2,1,3,0,0,0,0,0,0,0,1,0,0,5,5,0,0,1,0,1,0,0,0,0,0,1,0,0,1,0,1,1,0,4,0,1,0
21,2580,4,2,41,1,2,2,4,4,0,0,0,0,0,0,0,0,0,1,3,2,0,0,1,0,1,0,0,1,0,0,0,1,0,0,1,0,1,0,2,0,1,0
36,8335,3,4,47,1,1,2,1,3,0,1,0,0,0,0,0,0,0,0,5,5,0,0,1,0,1,0,0,0,0,0,1,0,0,1,1,0,1,0,3,0,0,1
30,3077,3,2,40,2,2,1,4,5,0,0,0,0,1,0,0,0,0,0,5,5,0,0,1,0,1,0,0,0,0,1,0,0,0,1,0,1,1,0,3,0,1,0
18,1442,4,4,32,2,2,2,1,2,1,0,0,0,0,0,0,0,0,0,1,4,0,0,1,0,1,0,0,0,0,0,1,0,0,1,1,0,1,0,2,0,0,1
60,15653,2,4,21,2,1,1,4,4,0,0,0,0,1,0,0,0,0,0,1,4,0,0,1,0,1,0,0,0,0,1,0,0,0,1,0,1,1,0,3,0,1,0
6,1343,1,4,46,2,2,1,3,5,1,0,0,0,0,0,0,0,0,0,1,5,0,0,1,0,1,0,0,1,0,0,0,0,0,1,1,0,0,1,3,0,1,0
36,1842,4,4,34,1,1,2,1,3,1,0,0,0,0,0,0,0,0,0,1,2,0,1,0,0,1,0,0,0,0,1,0,0,0,1,0,1,1,0,3,0,1,0
18,1808,4,1,22,1,1,2,4,4,0,0,0,1,0,0,0,0,0,0,1,4,0,1,0,0,1,0,0,1,0,0,0,0,0,1,1,0,1,0,3,0,1,0
9,2753,3,4,35,1,1,1,4,3,0,0,0,0,1,0,0,0,0,0,2,5,0,0,1,0,0,1,0,0,0,1,0,0,0,1,0,1,1,0,3,0,1,0
24,6419,2,4,44,2,2,1,1,5,0,1,0,0,0,0,0,0,0,0,1,5,0,1,0,0,1,0,0,0,0,0,1,0,0,1,0,1,1,0,4,0,0,1
24,1533,4,3,38,1,1,1,4,3,0,0,0,0,1,0,0,0,0,0,1,2,0,1,0,0,1,0,0,0,0,1,0,0,1,0,0,1,1,0,3,0,1,0
18,1216,4,3,23,1,1,2,1,3,1,0,0,0,0,0,0,0,0,0,1,2,0,1,0,0,1,0,0,0,0,1,0,0,0,1,0,1,1,0,3,1,0,0
24,2812,2,4,26,1,1,1,1,3,0,1,0,0,0,0,0,0,0,0,5,5,0,1,0,0,1,0,0,1,0,0,0,0,0,1,1,0,1,0,3,1,0,0
18,12976,3,4,38,1,1,2,2,3,0,1,0,0,0,0,0,0,0,0,1,1,0,1,0,0,1,0,0,0,0,0,1,0,0,1,0,1,1,0,4,0,0,1
12,1101,3,2,27,2,1,1,4,3,1,0,0,0,0,0,0,0,0,0,1,3,0,0,0,1,1,0,0,1,0,0,0,0,0,1,0,1,1,0,3,0,1,0
24,6579,4,2,29,1,1,1,1,3,0,1,0,0,0,0,0,0,0,0,1,1,0,0,1,0,1,0,0,0,0,0,1,0,0,1,0,1,1,0,4,0,0,1
12,1372,2,3,36,1,1,2,1,3,1,0,0,0,0,0,0,0,0,0,1,4,1,0,0,0,1,0,0,0,0,1,0,0,0,1,1,0,1,0,3,0,1,0
6,1209,4,4,47,1,1,2,2,4,1,0,0,0,0,0,0,0,0,0,1,1,0,0,1,0,1,0,0,0,1,0,0,0,0,1,0,1,1,0,4,0,1,0
36,3595,4,2,28,1,1,1,4,3,0,0,0,0,1,0,0,0,0,0,1,5,0,0,1,0,1,0,0,0,0,1,0,0,0,1,1,0,1,0,3,0,1,0
12,640,4,2,49,1,1,1,4,3,1,0,0,0,0,0,0,0,0,0,1,3,1,0,0,0,1,0,0,1,0,0,0,0,0,1,1,0,1,0,2,0,1,0
18,1098,4,4,65,2,1,1,4,5,0,0,0,0,1,0,0,0,0,0,1,1,0,1,0,0,1,0,0,0,0,1,0,0,0,1,1,0,1,0,1,0,1,0
12,6078,2,2,32,1,1,1,2,3,1,0,0,0,0,0,0,0,0,0,1,4,0,0,1,0,1,0,0,0,0,1,0,0,0,1,1,0,1,0,3,0,1,0
36,6304,4,4,36,2,1,1,4,5,0,0,0,0,0,0,0,0,0,1,5,5,0,0,1,0,1,0,0,1,0,0,0,0,0,1,1,0,1,0,3,0,1,0
15,1512,3,3,61,2,1,2,2,4,0,0,0,0,0,0,1,0,0,0,4,3,0,0,0,1,1,0,0,0,1,0,0,0,1,0,1,0,1,0,3,0,1,0
15,3643,1,4,27,2,1,1,1,4,0,0,0,1,0,0,0,0,0,0,1,5,0,1,0,0,1,0,0,0,1,0,0,0,0,1,1,0,1,0,2,0,1,0
24,2611,4,3,46,2,1,1,4,5,0,0,0,0,1,0,0,0,0,0,1,5,0,0,0,1,0,1,0,1,0,0,0,0,0,1,1,0,1,0,3,0,1,0
9,3074,1,2,33,2,2,1,4,5,0,0,0,0,1,0,0,0,0,0,5,3,0,0,1,0,1,0,0,1,0,0,0,0,0,1,1,0,1,0,3,0,1,0
24,1193,1,4,29,2,1,2,1,2,1,0,0,0,0,0,0,0,0,0,1,1,0,1,0,0,0,1,0,0,0,0,1,0,0,1,1,0,1,0,1,1,0,0
6,2108,2,2,29,1,1,1,4,3,0,0,0,0,1,0,0,0,0,0,1,4,0,0,0,1,1,0,0,1,0,0,0,0,0,1,1,0,1,0,3,1,0,0
12,1655,2,4,63,2,1,1,4,5,0,0,0,0,1,0,0,0,0,0,1,5,0,0,1,0,1,0,0,1,0,0,0,0,0,1,0,1,1,0,2,0,1,0
36,6229,4,4,23,2,1,2,1,5,0,0,0,1,0,0,0,0,0,0,1,2,0,1,0,0,0,1,0,0,0,0,1,0,0,1,0,1,1,0,2,1,0,0
26,7966,2,3,30,2,1,1,2,3,0,1,0,0,0,0,0,0,0,0,1,2,0,0,1,0,1,0,0,0,0,1,0,0,0,1,1,0,1,0,3,0,1,0
6,14555,1,2,23,1,1,2,2,3,1,0,0,0,0,0,0,0,0,0,5,1,0,0,1,0,1,0,0,0,1,0,0,0,0,1,0,1,1,0,1,0,1,0
6,426,4,4,39,1,1,1,4,1,0,0,0,0,1,0,0,0,0,0,1,5,0,0,0,1,1,0,0,0,0,1,0,0,0,1,1,0,1,0,2,0,1,0
36,8947,3,2,31,1,2,1,4,4,0,1,0,0,0,0,0,0,0,0,5,4,0,0,1,0,1,0,0,0,0,1,0,0,1,0,0,1,1,0,4,0,1,0
18,2600,4,4,65,2,1,2,1,3,0,0,0,0,1,0,0,0,0,0,1,3,0,0,1,0,1,0,0,0,0,0,1,0,0,1,1,0,1,0,3,0,0,1
24,1371,4,4,25,1,1,2,1,3,1,0,0,0,0,0,0,0,0,0,5,3,0,1,0,0,1,0,0,1,0,0,0,0,0,1,1,0,1,0,3,1,0,0
48,10222,4,3,37,1,1,1,4,3,0,0,0,0,1,0,0,0,0,0,5,4,0,0,1,0,1,0,0,0,0,1,0,0,1,0,0,1,1,0,3,0,1,0
10,2848,1,2,32,1,2,1,4,3,0,1,0,0,0,0,0,0,0,0,2,3,0,0,1,0,0,1,0,1,0,0,0,0,0,1,1,0,1,0,3,0,1,0
48,4788,4,3,26,1,2,1,1,3,0,1,0,0,0,0,0,0,0,0,1,4,0,0,1,0,1,0,0,0,1,0,0,0,0,1,1,0,1,0,3,0,1,0
60,14782,3,4,60,2,1,2,2,2,0,0,1,0,0,0,0,0,0,0,2,5,0,1,0,0,1,0,0,0,0,0,1,1,0,0,0,1,1,0,4,0,0,1
12,652,4,4,24,1,1,1,1,3,0,0,0,1,0,0,0,0,0,0,1,5,0,1,0,0,1,0,0,0,1,0,0,0,0,1,1,0,1,0,3,1,0,0
18,6458,2,4,39,2,2,2,4,2,1,0,0,0,0,0,0,0,0,0,1,5,0,0,1,0,1,0,0,0,0,0,1,1,0,0,0,1,1,0,4,0,1,0
15,1829,4,4,46,2,1,1,4,5,0,0,0,0,1,0,0,0,0,0,1,5,0,0,1,0,1,0,0,0,0,1,0,0,0,1,0,1,1,0,3,0,1,0
30,4811,2,4,24,1,1,1,4,3,0,1,0,0,0,0,0,0,0,0,5,4,0,1,0,0,1,0,0,0,1,0,0,0,1,0,1,0,1,0,2,1,0,0
12,1620,2,3,30,1,1,1,1,3,0,0,0,1,0,0,0,0,0,0,1,3,0,1,0,0,0,1,0,0,1,0,0,0,0,1,1,0,1,0,3,0,1,0
6,1236,2,4,50,1,1,1,4,3,0,1,0,0,0,0,0,0,0,0,3,3,0,0,1,0,1,0,0,0,1,0,0,0,0,1,1,0,1,0,3,1,0,0
24,1278,4,1,36,1,1,1,4,3,0,0,0,0,1,0,0,0,0,0,1,5,0,0,1,0,1,0,0,1,0,0,0,0,0,1,0,1,1,0,4,0,1,0
15,1386,4,2,40,1,1,1,4,3,0,0,0,0,1,0,0,0,0,0,5,3,0,0,0,1,1,0,0,1,0,0,0,0,0,1,0,1,1,0,3,1,0,0
12,776,4,2,28,1,1,1,4,3,0,0,0,0,1,0,0,0,0,0,1,3,0,0,0,1,1,0,0,1,0,0,0,0,0,1,1,0,1,0,3,0,1,0
12,2579,4,1,33,1,2,2,1,3,1,0,0,0,0,0,0,0,0,0,1,2,0,0,1,0,1,0,0,1,0,0,0,0,0,1,1,0,1,0,2,0,1,0
12,1963,4,2,31,2,2,1,4,3,0,0,0,0,1,0,0,0,0,0,1,4,0,0,1,0,1,0,0,0,0,1,0,0,0,1,0,1,1,0,4,1,0,0
36,8086,2,4,42,4,1,2,2,4,1,0,0,0,0,0,0,0,0,0,2,5,0,0,1,0,1,0,0,0,0,1,0,0,0,1,0,1,1,0,4,0,1,0
12,939,4,2,28,3,1,2,3,5,1,0,0,0,0,0,0,0,0,0,3,4,0,0,0,1,1,0,0,1,0,0,0,0,0,1,0,1,1,0,3,0,1,0
18,3001,2,4,40,1,1,1,2,3,0,0,0,1,0,0,0,0,0,0,1,4,0,1,0,0,1,0,0,1,0,0,0,0,0,1,1,0,1,0,3,1,0,0
18,1820,2,2,30,1,1,1,4,3,1,0,0,0,0,0,0,0,0,0,1,3,0,0,0,1,1,0,0,0,1,0,0,0,0,1,0,1,1,0,4,0,1,0
24,1597,4,4,54,2,2,1,4,5,0,0,0,0,0,0,0,1,0,0,1,5,0,0,1,0,1,0,0,0,0,0,1,0,0,1,1,0,1,0,3,0,0,1
12,717,4,4,52,3,1,1,4,5,0,0,0,0,1,0,0,0,0,0,1,5,0,0,1,0,1,0,0,1,0,0,0,0,0,1,1,0,1,0,3,0,1,0
36,4455,2,2,30,2,1,2,2,4,0,0,0,0,0,0,0,0,0,1,1,3,1,0,0,0,1,0,0,1,0,0,0,0,1,0,0,1,1,0,4,0,1,0
36,9566,2,2,31,2,1,1,4,5,0,0,0,0,1,0,0,0,0,0,1,3,0,1,0,0,1,0,0,0,0,1,0,0,1,0,1,0,1,0,3,0,1,0
27,5117,3,4,26,2,1,1,4,4,0,0,0,0,0,0,0,0,0,1,1,4,0,0,1,0,1,0,0,0,0,1,0,0,0,1,1,0,1,0,3,0,1,0
39,2569,4,4,24,1,1,1,4,3,0,1,0,0,0,0,0,0,0,0,3,3,0,0,1,0,1,0,0,0,0,1,0,0,0,1,1,0,1,0,3,0,1,0
27,5190,4,4,48,4,2,1,4,3,0,0,0,0,0,0,1,0,0,0,5,5,0,0,1,0,1,0,0,0,1,0,0,0,0,1,0,1,1,0,3,0,1,0
18,1049,4,4,21,1,1,1,1,5,0,0,0,1,0,0,0,0,0,0,1,2,0,1,0,0,1,0,0,0,1,0,0,0,0,1,1,0,1,0,3,1,0,0
10,1275,4,2,23,1,1,1,3,3,0,0,0,1,0,0,0,0,0,0,1,2,0,1,0,0,1,0,0,0,1,0,0,0,0,1,1,0,1,0,3,0,1,0
30,1919,4,3,30,2,1,2,2,4,0,0,0,0,1,0,0,0,0,0,2,2,0,0,1,0,1,0,0,0,0,0,1,0,1,0,1,0,1,0,4,0,1,0
12,1007,4,1,22,1,1,1,2,3,1,0,0,0,0,0,0,0,0,0,4,3,0,0,0,1,1,0,0,1,0,0,0,0,0,1,1,0,1,0,3,0,1,0
12,1474,4,1,33,1,1,1,3,3,0,0,0,1,0,0,0,0,0,0,1,2,0,1,0,0,1,0,0,0,1,0,0,1,0,0,0,1,1,0,4,0,1,0
12,1893,4,4,29,1,1,1,1,3,1,0,0,0,0,0,0,0,0,0,1,3,0,1,0,0,0,0,1,0,1,0,0,0,0,1,0,1,1,0,3,0,1,0
9,1422,3,2,27,1,1,2,1,3,1,0,0,0,0,0,0,0,0,0,1,2,0,0,1,0,1,0,0,0,0,0,1,0,0,1,0,1,1,0,4,0,0,1
12,1076,2,2,26,1,1,1,4,3,0,0,0,0,0,0,0,0,0,1,1,3,0,0,0,1,1,0,0,1,0,0,0,0,0,1,0,1,0,1,3,0,1,0
36,2613,4,2,27,2,1,1,4,1,0,0,0,0,0,0,1,0,0,0,1,3,0,0,1,0,1,0,0,0,0,1,0,0,0,1,1,0,1,0,3,0,1,0
24,2064,3,2,34,1,1,2,2,4,0,0,0,1,0,0,0,0,0,0,1,1,0,1,0,0,1,0,0,0,1,0,0,0,0,1,0,1,1,0,4,0,1,0
42,9283,1,2,55,1,1,1,2,2,0,1,0,0,0,0,0,0,0,0,1,1,0,0,1,0,1,0,0,0,0,0,1,1,0,0,0,1,1,0,4,0,0,1
24,4139,3,3,27,2,1,1,4,5,0,0,0,0,0,0,0,0,0,1,2,3,0,0,1,0,1,0,0,0,1,0,0,0,0,1,0,1,1,0,2,0,1,0
9,1391,2,1,27,1,1,1,2,3,0,0,0,0,0,0,0,0,0,1,1,3,0,0,0,1,1,0,0,1,0,0,0,1,0,0,0,1,1,0,3,0,1,0
12,385,4,3,58,4,1,1,1,5,0,0,0,0,1,0,0,0,0,0,1,4,0,1,0,0,1,0,0,1,0,0,0,0,0,1,0,1,1,0,2,0,1,0
9,1919,4,3,35,1,1,1,2,5,0,0,0,1,0,0,0,0,0,0,1,4,0,0,1,0,1,0,0,0,0,1,0,0,0,1,0,1,1,0,3,1,0,0
12,1262,3,2,25,1,1,1,4,3,0,0,0,0,1,0,0,0,0,0,1,3,0,0,1,0,1,0,0,0,0,1,0,0,0,1,1,0,1,0,3,0,1,0
15,1569,4,4,34,1,2,1,4,2,0,0,0,0,1,0,0,0,0,0,2,5,0,0,1,0,1,0,0,0,0,1,0,1,0,0,1,0,1,0,2,0,1,0
15,1308,4,4,38,2,1,1,2,3,0,0,0,0,0,0,1,0,0,0,1,5,0,0,1,0,1,0,0,0,0,1,0,0,0,1,1,0,1,0,2,0,1,0
24,1516,4,1,43,2,1,1,4,5,0,0,0,0,1,0,0,0,0,0,4,3,0,1,0,0,1,0,0,1,0,0,0,0,0,1,1,0,1,0,2,0,1,0
12,1881,2,2,44,1,1,1,3,3,0,0,0,0,1,0,0,0,0,0,1,3,0,1,0,0,1,0,0,0,0,1,0,0,0,1,0,1,1,0,2,1,0,0
24,1287,4,4,37,2,1,1,4,5,1,0,0,0,0,0,0,0,0,0,4,5,0,1,0,0,1,0,0,1,0,0,0,0,0,1,0,1,1,0,3,0,1,0
12,4675,1,4,20,1,1,1,4,3,0,1,0,0,0,0,0,0,0,0,5,2,0,1,0,0,1,0,0,0,0,1,0,0,0,1,1,0,1,0,3,1,0,0
36,2384,4,1,33,1,1,2,2,3,0,0,0,0,0,0,1,0,0,0,1,2,0,0,1,0,1,0,0,0,0,0,1,0,0,1,1,0,1,0,2,1,0,0
24,2022,4,4,37,1,1,1,4,5,1,0,0,0,0,0,0,0,0,0,1,3,0,1,0,0,1,0,0,0,0,1,0,0,0,1,0,1,1,0,3,0,1,0
18,1864,4,2,30,2,1,2,4,5,0,0,0,0,0,0,0,1,0,0,2,3,0,1,0,0,1,0,0,1,0,0,0,0,0,1,1,0,1,0,3,0,1,0
11,1393,4,4,35,2,1,1,4,5,1,0,0,0,0,0,0,0,0,0,1,2,0,1,0,0,1,0,0,0,0,1,0,0,0,1,1,0,1,0,4,0,1,0
6,2063,4,3,30,1,1,1,2,3,0,0,0,0,1,0,0,0,0,0,1,2,0,0,0,1,1,0,0,0,0,1,0,0,0,1,0,1,1,0,4,1,0,0
12,727,4,3,33,1,1,2,1,3,0,0,0,0,1,0,0,0,0,0,2,2,0,0,0,1,1,0,0,0,0,0,1,0,0,1,0,1,1,0,2,0,1,0
12,2859,4,4,38,1,1,1,4,3,1,0,0,0,0,0,0,0,0,0,5,1,0,0,1,0,1,0,0,0,0,0,1,0,0,1,0,1,1,0,4,0,1,0
15,3029,2,2,33,1,1,1,4,3,0,1,0,0,0,0,0,0,0,0,1,4,0,0,1,0,1,0,0,0,0,1,0,0,0,1,1,0,1,0,3,0,1,0
36,7409,3,2,37,2,1,1,4,3,0,0,0,0,0,0,0,0,0,1,5,5,0,0,1,0,1,0,0,0,1,0,0,0,0,1,1,0,1,0,3,0,1,0
24,3181,4,4,26,1,1,1,4,3,0,0,0,0,1,0,0,0,0,0,1,2,0,1,0,0,1,0,0,0,1,0,0,0,0,1,0,1,1,0,3,0,1,0
9,1388,4,2,26,1,1,1,4,3,0,0,0,1,0,0,0,0,0,0,1,3,0,1,0,0,1,0,0,1,0,0,0,0,0,1,1,0,1,0,3,1,0,0
15,1778,2,1,26,2,1,2,2,1,1,0,0,0,0,0,0,0,0,0,1,2,0,1,0,0,1,0,0,1,0,0,0,0,0,1,1,0,1,0,1,1,0,0
12,2073,4,2,28,1,1,1,4,3,0,0,0,0,1,0,0,0,0,0,2,3,0,1,0,0,0,1,0,1,0,0,0,0,0,1,1,0,1,0,3,0,1,0
12,1103,4,3,29,2,1,1,2,3,0,0,0,0,1,0,0,0,0,0,1,4,0,0,1,0,0,0,1,1,0,0,0,0,0,1,1,0,0,1,3,0,1,0
42,5954,2,1,41,2,1,1,2,5,0,0,0,0,0,0,0,0,0,1,1,4,0,1,0,0,1,0,0,1,0,0,0,1,0,0,1,0,1,0,2,0,1,0
30,3857,4,4,40,1,1,1,1,3,0,1,0,0,0,0,0,0,0,0,1,3,1,0,0,0,1,0,0,0,1,0,0,0,0,1,0,1,1,0,4,0,1,0
21,5248,1,3,26,1,1,1,4,3,0,1,0,0,0,0,0,0,0,0,5,3,0,0,1,0,1,0,0,0,0,1,0,0,0,1,1,0,1,0,3,0,1,0
24,1377,4,2,47,1,1,1,3,3,0,0,0,0,1,0,0,0,0,0,2,5,0,1,0,0,1,0,0,0,0,0,1,0,0,1,0,1,1,0,3,0,0,1
12,1412,4,2,29,2,1,1,4,5,0,0,0,0,0,0,0,0,0,1,1,3,0,1,0,0,0,0,1,1,0,0,0,0,0,1,0,1,1,0,4,0,1,0
12,1108,4,3,28,2,1,2,1,1,0,0,0,0,0,0,1,0,0,0,1,4,0,0,1,0,1,0,0,1,0,0,0,0,0,1,1,0,1,0,3,0,1,0
10,1924,1,4,38,1,1,1,4,3,0,0,0,0,1,0,0,0,0,0,1,3,0,0,1,0,1,0,0,0,1,0,0,0,0,1,0,1,0,1,3,0,1,0
24,1743,4,2,48,2,1,1,2,5,0,0,0,0,1,0,0,0,0,0,1,5,0,0,1,0,1,0,0,0,1,0,0,0,0,1,1,0,1,0,2,0,1,0
24,1925,2,2,26,1,1,1,3,3,0,0,0,1,0,0,0,0,0,0,1,3,0,0,1,0,1,0,0,1,0,0,0,0,0,1,1,0,1,0,3,0,1,0
18,1530,3,2,32,2,1,2,4,5,1,0,0,0,0,0,0,0,0,0,1,3,0,0,1,0,1,0,0,0,1,0,0,1,0,0,1,0,1,0,3,0,1,0
12,1155,3,3,40,2,1,1,2,3,0,0,0,0,1,0,0,0,0,0,1,5,0,0,0,1,0,0,1,1,0,0,0,1,0,0,1,0,1,0,2,0,1,0
24,1901,4,4,29,1,1,1,4,3,0,0,0,0,1,0,0,0,0,0,2,3,0,0,1,0,1,0,0,0,0,1,0,0,0,1,0,1,1,0,4,1,0,0
24,1553,3,2,23,2,1,1,2,4,0,0,0,0,1,0,0,0,0,0,2,4,0,1,0,0,1,0,0,0,1,0,0,0,0,1,0,1,1,0,3,1,0,0
33,2764,2,2,26,2,1,1,4,4,0,0,0,0,0,0,0,0,0,1,1,3,0,1,0,0,1,0,0,0,0,1,0,0,0,1,0,1,1,0,3,0,1,0
24,3749,2,4,26,1,1,1,3,3,0,0,0,1,0,0,0,0,0,0,1,2,0,1,0,0,1,0,0,0,0,1,0,0,0,1,1,0,1,0,3,0,1,0
12,1158,3,1,26,1,1,1,2,3,0,0,0,0,1,0,0,0,0,0,3,3,1,0,0,0,1,0,0,0,0,1,0,0,0,1,0,1,1,0,3,0,1,0
24,2384,4,4,64,1,1,1,1,3,0,0,0,0,1,0,0,0,0,0,1,5,0,0,1,0,1,0,0,1,0,0,0,1,0,0,1,0,1,0,2,1,0,0
12,1592,3,2,35,1,1,1,4,5,0,0,0,1,0,0,0,0,0,0,4,4,0,1,0,0,1,0,0,0,1,0,0,0,0,1,1,0,0,1,3,0,1,0
9,2406,2,3,31,1,1,1,4,5,0,0,0,1,0,0,0,0,0,0,1,1,0,0,1,0,1,0,0,0,0,1,0,0,0,1,1,0,1,0,4,0,1,0
42,4796,4,4,56,1,1,1,3,5,0,1,0,0,0,0,0,0,0,0,1,5,0,0,1,0,1,0,0,0,0,0,1,0,0,1,1,0,1,0,3,0,0,1
24,3234,4,4,23,1,1,2,1,3,0,0,0,1,0,0,0,0,0,0,1,2,0,1,0,0,1,0,0,1,0,0,0,0,0,1,0,1,1,0,2,1,0,0
36,10875,2,2,45,2,2,1,4,4,1,0,0,0,0,0,0,0,0,0,1,5,0,0,1,0,1,0,0,0,0,1,0,0,0,1,0,1,1,0,3,0,1,0
9,2030,2,1,24,1,1,1,2,3,0,0,0,1,0,0,0,0,0,0,5,4,0,0,1,0,1,0,0,0,0,1,0,0,0,1,0,1,1,0,3,0,1,0
12,1386,2,2,26,1,1,2,4,3,1,0,0,0,0,0,0,0,0,0,3,3,0,1,0,0,1,0,0,0,1,0,0,0,0,1,1,0,1,0,3,0,1,0
15,1532,4,3,31,1,1,1,4,5,0,0,0,0,0,0,0,1,0,0,2,3,0,1,0,0,1,0,0,0,0,1,0,0,0,1,1,0,1,0,3,0,1,0
30,5234,4,2,28,2,1,2,2,5,1,0,0,0,0,0,0,0,0,0,1,1,0,0,0,1,1,0,0,0,0,1,0,0,0,1,1,0,1,0,4,0,1,0
10,2901,1,4,31,1,1,1,4,3,0,1,0,0,0,0,0,0,0,0,5,2,0,1,0,0,1,0,0,1,0,0,0,0,0,1,1,0,1,0,3,1,0,0
9,3577,1,2,26,1,2,1,4,3,1,0,0,0,0,0,0,0,0,0,2,3,0,0,1,0,0,0,1,1,0,0,0,0,0,1,1,0,0,1,3,1,0,0
6,783,1,2,26,1,2,1,4,2,1,0,0,0,0,0,0,0,0,0,5,3,0,0,1,0,0,0,1,1,0,0,0,0,1,0,1,0,1,0,2,0,1,0
18,1169,4,3,29,2,1,1,4,5,0,0,0,0,1,0,0,0,0,0,5,3,0,0,1,0,1,0,0,0,1,0,0,0,0,1,0,1,1,0,3,0,1,0
24,3069,4,4,30,1,1,1,2,3,0,0,0,1,0,0,0,0,0,0,2,5,0,0,1,0,1,0,0,0,0,0,1,0,0,1,1,0,1,0,3,0,0,1
21,3652,2,3,27,2,1,1,2,5,0,0,0,0,0,0,0,0,0,1,1,4,0,0,1,0,1,0,0,0,1,0,0,0,0,1,1,0,1,0,3,0,1,0
42,4042,4,4,36,2,1,1,4,5,0,0,0,1,0,0,0,0,0,0,3,3,0,0,1,0,1,0,0,1,0,0,0,0,0,1,0,1,1,0,3,0,1,0
24,1474,4,3,33,1,1,1,4,3,1,0,0,0,0,0,0,0,0,0,2,2,0,0,0,1,1,0,0,1,0,0,0,0,0,1,0,1,1,0,3,0,1,0
11,1577,4,1,20,1,1,1,2,3,0,0,0,1,0,0,0,0,0,0,4,2,0,1,0,0,1,0,0,1,0,0,0,0,0,1,1,0,1,0,3,0,1,0
15,3812,1,4,23,1,1,1,4,3,0,1,0,0,0,0,0,0,0,0,2,2,0,1,0,0,1,0,0,0,0,1,0,0,0,1,0,1,1,0,3,0,1,0
30,3832,2,1,22,1,1,1,2,3,0,0,0,1,0,0,0,0,0,0,1,2,0,0,0,1,1,0,0,0,1,0,0,0,0,1,1,0,1,0,3,0,1,0
15,1478,4,3,33,2,1,1,4,4,0,0,0,0,1,0,0,0,0,0,1,3,0,0,0,1,1,0,0,1,0,0,0,1,0,0,1,0,1,0,3,0,1,0
18,3650,1,4,22,1,1,1,1,3,0,0,0,1,0,0,0,0,0,0,1,2,0,1,0,0,1,0,0,0,0,1,0,0,0,1,1,0,1,0,3,1,0,0
18,1056,3,3,30,2,1,2,2,5,1,0,0,0,0,0,0,0,0,0,1,5,0,0,1,0,0,0,1,1,0,0,0,1,0,0,1,0,1,0,3,0,1,0
24,2223,4,4,52,2,1,1,4,5,0,0,0,0,1,0,0,0,0,0,2,5,0,0,1,0,1,0,0,0,1,0,0,1,0,0,1,0,1,0,3,0,1,0
36,3913,2,2,23,1,1,1,3,3,0,0,0,0,1,0,0,0,0,0,1,3,0,0,1,0,1,0,0,1,0,0,0,0,0,1,0,1,1,0,3,0,1,0
30,4530,4,4,26,1,1,1,4,5,0,0,0,0,1,0,0,0,0,0,1,4,0,1,0,0,1,0,0,0,0,1,0,0,0,1,0,1,1,0,4,1,0,0
30,3017,4,4,47,1,1,1,3,5,0,0,0,0,1,0,0,0,0,0,1,5,0,0,1,0,1,0,0,0,1,0,0,0,0,1,1,0,1,0,3,0,1,0
12,707,4,2,30,2,1,1,4,3,0,0,0,0,1,0,0,0,0,0,1,3,0,0,1,0,1,0,0,1,0,0,0,1,0,0,1,0,1,0,3,0,1,0
12,1331,2,1,22,1,1,2,2,3,0,0,0,0,1,0,0,0,0,0,1,2,0,0,1,0,1,0,0,0,0,1,0,0,1,0,1,0,1,0,3,0,1,0
15,2728,4,2,35,3,1,1,2,5,0,0,0,0,1,0,0,0,0,0,5,4,0,0,1,0,0,0,1,1,0,0,0,1,0,0,0,1,1,0,3,0,1,0
12,1542,2,4,36,1,1,1,4,3,0,0,0,0,0,0,0,0,0,1,1,4,0,0,1,0,1,0,0,0,0,1,0,0,0,1,0,1,1,0,3,0,1,0
12,3527,2,3,45,1,2,1,4,3,1,0,0,0,0,0,0,0,0,0,5,2,0,0,1,0,1,0,0,0,1,0,0,0,0,1,0,1,1,0,4,0,1,0
12,3386,3,4,35,1,1,2,1,3,0,1,0,0,0,0,0,0,0,0,1,5,0,0,1,0,1,0,0,0,0,0,1,0,0,1,0,1,1,0,3,0,0,1
15,975,2,3,25,2,1,1,1,5,0,0,0,1,0,0,0,0,0,0,1,3,1,0,0,0,1,0,0,0,1,0,0,0,0,1,1,0,1,0,3,0,1,0
15,2221,2,4,20,1,1,1,4,3,0,0,0,1,0,0,0,0,0,0,3,3,0,1,0,0,1,0,0,0,0,1,0,0,0,1,1,0,1,0,3,1,0,0
9,1244,4,4,41,2,1,1,4,5,0,0,0,0,0,0,0,1,0,0,5,5,0,1,0,0,1,0,0,0,1,0,0,0,0,1,1,0,1,0,2,1,0,0
12,1344,4,2,43,2,2,1,1,4,1,0,0,0,0,0,0,0,0,0,1,3,0,0,1,0,1,0,0,1,0,0,0,0,0,1,1,0,1,0,2,0,1,0
15,1537,4,4,50,2,1,1,2,5,0,0,0,0,1,0,0,0,0,0,5,5,0,0,1,0,0,0,1,1,0,0,0,0,0,1,0,1,1,0,3,0,1,0
18,3590,3,3,40,3,2,1,2,5,0,0,0,0,0,0,0,0,0,1,1,1,0,0,0,1,1,0,0,0,0,1,0,0,0,1,0,1,1,0,1,0,1,0
12,763,4,1,26,1,1,1,4,3,0,0,0,1,0,0,0,0,0,0,1,3,0,1,0,0,1,0,0,1,0,0,0,0,0,1,0,1,1,0,3,0,1,0
24,1469,4,4,41,1,1,1,4,3,1,0,0,0,0,0,0,0,0,0,2,5,0,0,0,1,1,0,0,1,0,0,0,0,0,1,1,0,1,0,2,1,0,0
12,1413,3,2,55,1,1,1,4,3,0,1,0,0,0,0,0,0,0,0,4,4,0,0,1,0,1,0,0,0,1,0,0,0,0,1,1,0,0,1,3,0,1,0
12,1534,1,1,23,1,1,2,2,3,0,0,0,0,1,0,0,0,0,0,1,2,0,0,0,1,1,0,0,1,0,0,0,0,0,1,1,0,1,0,3,1,0,0
18,884,4,4,36,1,2,2,2,5,1,0,0,0,0,0,0,0,0,0,1,5,0,0,1,0,1,0,0,0,0,1,0,1,0,0,0,1,1,0,3,0,1,0
15,3594,1,2,46,2,1,1,4,4,0,1,0,0,0,0,0,0,0,0,1,2,0,1,0,0,1,0,0,0,1,0,0,0,0,1,1,0,1,0,2,0,1,0
24,1201,4,1,26,1,1,1,2,3,1,0,0,0,0,0,0,0,0,0,1,2,0,0,1,0,1,0,0,0,1,0,0,0,0,1,1,0,1,0,3,0,1,0
10,2210,2,2,25,1,1,2,4,3,0,0,0,1,0,0,0,0,0,0,1,3,0,0,1,0,1,0,0,1,0,0,0,1,0,0,1,0,1,0,2,1,0,0
9,1199,4,4,67,2,1,1,2,3,0,0,0,0,0,0,0,1,0,0,1,4,0,1,0,0,1,0,0,0,1,0,0,0,0,1,0,1,1,0,4,0,1,0
12,3016,3,1,24,1,1,1,3,3,0,0,0,0,1,0,0,0,0,0,1,3,0,0,0,1,1,0,0,0,0,1,0,0,0,1,1,0,1,0,3,0,1,0
15,2788,2,3,24,2,1,1,4,5,0,0,0,1,0,0,0,0,0,0,1,4,0,1,0,0,0,1,0,0,0,1,0,1,0,0,1,0,1,0,3,0,1,0
6,1238,4,4,36,1,2,1,4,3,0,0,0,0,0,0,0,0,1,0,5,1,0,0,1,0,1,0,0,0,1,0,0,0,0,1,0,1,1,0,4,0,1,0
20,4272,1,4,24,2,1,1,1,5,0,0,0,1,0,0,0,0,0,0,1,5,0,1,0,0,1,0,0,0,1,0,0,0,0,1,1,0,1,0,3,0,1,0
12,1480,2,4,66,3,1,1,3,5,1,0,0,0,0,0,0,0,0,0,3,1,0,0,1,0,1,0,0,0,0,0,1,1,0,0,1,0,1,0,1,0,0,1
24,3868,4,2,41,2,1,1,4,5,0,1,0,0,0,0,0,0,0,0,1,5,0,1,0,0,1,0,0,0,0,1,0,0,0,1,0,1,1,0,4,1,0,0
21,2745,3,2,32,2,1,1,2,5,0,0,0,1,0,0,0,0,0,0,4,4,0,0,1,0,1,0,0,0,0,1,0,0,0,1,0,1,1,0,3,0,1,0
12,1484,2,1,25,1,1,2,2,3,0,0,0,0,1,0,0,0,0,0,5,3,0,0,0,1,1,0,0,1,0,0,0,0,0,1,0,1,1,0,3,0,1,0
15,3959,3,2,29,1,1,2,1,3,1,0,0,0,0,0,0,0,0,0,1,3,0,1,0,0,1,0,0,0,1,0,0,0,0,1,0,1,1,0,3,0,1,0
12,3017,3,1,34,1,1,1,2,3,0,0,0,1,0,0,0,0,0,0,1,2,0,1,0,0,1,0,0,1,0,0,0,0,0,1,1,0,1,0,4,1,0,0
9,790,4,3,66,1,1,1,2,3,0,0,0,0,1,0,0,0,0,0,3,3,0,1,0,0,1,0,0,1,0,0,0,0,0,1,1,0,1,0,2,0,1,0
18,4594,3,2,32,1,1,1,4,3,0,0,0,0,1,0,0,0,0,0,1,2,0,0,1,0,1,0,0,0,0,1,0,0,0,1,0,1,1,0,3,0,1,0
6,683,2,1,29,1,1,1,3,4,0,0,0,0,1,0,0,0,0,0,1,2,0,1,0,0,1,0,0,0,1,0,0,1,0,0,1,0,1,0,3,0,1,0
48,7763,4,4,42,1,1,2,1,3,1,0,0,0,0,0,0,0,0,0,1,5,0,0,1,0,1,0,0,0,0,0,1,1,0,0,1,0,1,0,4,0,0,1
18,1943,4,4,23,1,1,2,4,3,0,0,0,0,0,0,1,0,0,0,1,2,0,1,0,0,1,0,0,1,0,0,0,0,0,1,1,0,1,0,3,0,1,0
6,1323,2,4,28,2,2,1,3,5,1,0,0,0,0,0,0,0,0,0,2,5,1,0,0,0,1,0,0,0,0,1,0,0,0,1,0,1,1,0,3,0,1,0
6,1538,1,2,56,1,1,1,4,3,0,0,0,0,0,0,0,1,0,0,1,2,0,1,0,0,1,0,0,0,0,0,1,0,0,1,1,0,1,0,3,0,1,0
18,1190,2,4,55,3,2,2,1,5,0,0,0,0,0,0,1,0,0,0,1,1,0,1,0,0,1,0,0,0,0,0,1,0,0,1,1,0,1,0,1,0,0,1
6,1338,1,4,62,1,1,1,4,3,0,0,0,0,0,1,0,0,0,0,3,3,1,0,0,0,1,0,0,1,0,0,0,0,0,1,1,0,1,0,3,0,1,0
6,1204,4,1,35,1,1,1,4,1,1,0,0,0,0,0,0,0,0,0,2,3,0,0,1,0,1,0,0,0,0,0,1,1,0,0,1,0,0,1,3,1,0,0
12,797,4,3,33,1,2,2,4,5,0,0,0,0,1,0,0,0,0,0,5,5,0,1,0,0,1,0,0,0,1,0,0,1,0,0,1,0,1,0,2,0,1,0
18,3872,2,4,67,1,1,1,2,3,0,0,0,0,0,0,1,0,0,0,1,1,0,1,0,0,1,0,0,0,0,1,0,0,0,1,0,1,1,0,3,0,1,0
24,7758,2,4,29,1,1,1,2,5,0,1,0,0,0,0,0,0,0,0,4,5,0,1,0,0,1,0,0,0,0,0,1,0,0,1,1,0,1,0,3,1,0,0
24,1755,4,4,58,1,1,1,1,3,0,0,1,0,0,0,0,0,0,0,1,5,0,1,0,0,0,0,1,1,0,0,0,0,0,1,0,1,1,0,2,0,1,0
13,1797,3,1,28,2,1,1,1,5,0,0,0,0,0,0,0,0,0,1,1,2,0,0,1,0,1,0,0,0,1,0,0,1,0,0,1,0,1,0,2,0,1,0
12,2390,4,3,50,1,1,1,4,3,1,0,0,0,0,0,0,0,0,0,5,5,0,0,1,0,1,0,0,0,0,1,0,0,0,1,0,1,1,0,3,0,1,0
18,2249,4,3,30,1,2,1,1,3,1,0,0,0,0,0,0,0,0,0,2,4,0,0,1,0,1,0,0,0,0,1,0,0,0,1,0,1,1,0,4,0,1,0
48,3931,4,4,46,1,2,2,1,3,1,0,0,0,0,0,0,0,0,0,1,4,0,0,1,0,1,0,0,0,0,0,1,0,0,1,1,0,1,0,3,0,0,1
14,802,4,2,27,2,1,1,4,4,1,0,0,0,0,0,0,0,0,0,1,3,0,0,1,0,1,0,0,0,0,1,0,0,0,1,1,0,1,0,2,0,1,0
9,3832,1,4,64,1,1,1,4,3,0,0,0,0,0,0,0,1,0,0,5,5,0,0,1,0,1,0,0,1,0,0,0,0,0,1,1,0,1,0,2,0,1,0
20,2629,2,3,29,2,1,1,2,4,0,0,1,0,0,0,0,0,0,0,1,3,0,0,1,0,1,0,0,0,0,1,0,1,0,0,0,1,1,0,3,0,1,0
24,3878,4,2,37,1,1,1,2,5,1,0,0,0,0,0,0,0,0,0,2,2,1,0,0,0,1,0,0,0,0,1,0,0,0,1,0,1,1,0,3,0,1,0
8,1164,3,4,51,2,2,1,1,5,0,0,1,0,0,0,0,0,0,0,1,5,0,0,1,0,1,0,0,0,0,0,1,1,0,0,0,1,1,0,4,0,0,1
15,1979,4,2,35,1,1,1,4,3,0,0,0,0,1,0,0,0,0,0,5,5,0,0,1,0,1,0,0,0,0,1,0,0,0,1,1,0,1,0,3,0,1,0
18,1924,4,3,27,1,1,2,2,3,0,0,0,1,0,0,0,0,0,0,5,2,0,1,0,0,1,0,0,1,0,0,0,0,0,1,1,0,1,0,3,1,0,0
12,2246,3,3,60,2,1,2,1,5,0,0,0,1,0,0,0,0,0,0,1,5,0,0,1,0,1,0,0,0,1,0,0,0,0,1,1,0,1,0,3,0,1,0
18,976,1,2,23,1,1,2,1,3,1,0,0,0,0,0,0,0,0,0,1,2,0,1,0,0,1,0,0,0,0,1,0,0,0,1,1,0,1,0,2,0,1,0
18,1345,4,3,26,1,1,2,1,3,0,0,0,0,1,0,0,0,0,0,1,3,0,0,0,1,1,0,0,1,0,0,0,1,0,0,1,0,1,0,3,0,1,0
36,5371,3,2,28,2,1,1,1,5,0,0,0,1,0,0,0,0,0,0,1,3,0,0,1,0,0,0,1,0,1,0,0,0,0,1,1,0,1,0,3,0,1,0
42,6289,2,1,33,2,1,1,3,1,0,0,0,0,0,0,0,0,0,1,1,2,1,0,0,0,1,0,0,0,1,0,0,0,0,1,1,0,1,0,3,0,1,0
15,1262,4,3,36,2,1,1,4,3,0,0,0,0,0,1,0,0,0,0,3,4,0,0,1,0,1,0,0,0,1,0,0,0,0,1,0,1,1,0,3,0,1,0
12,3651,1,3,31,1,2,1,1,3,1,0,0,0,0,0,0,0,0,0,4,3,0,0,1,0,1,0,0,0,1,0,0,0,0,1,1,0,1,0,3,0,1,0
12,1860,4,2,34,2,1,1,2,5,0,1,0,0,0,0,0,0,0,0,1,1,0,0,1,0,1,0,0,0,0,1,0,0,0,1,0,1,1,0,4,0,1,0
24,1935,4,4,31,2,1,2,2,5,0,0,0,0,0,0,0,0,0,1,1,5,1,0,0,0,1,0,0,1,0,0,0,0,0,1,0,1,1,0,3,0,1,0
36,4454,4,4,34,2,1,1,4,4,0,0,0,0,1,0,0,0,0,0,1,3,0,1,0,0,1,0,0,1,0,0,0,0,0,1,1,0,1,0,3,0,1,0
15,2326,2,4,27,1,1,1,2,5,0,0,0,0,0,0,0,0,0,1,3,3,0,0,1,0,1,0,0,0,0,1,0,1,0,0,1,0,1,0,3,0,1,0
12,1082,4,4,48,2,1,2,1,1,1,0,0,0,0,0,0,0,0,0,1,3,0,0,1,0,1,0,0,0,0,1,0,1,0,0,1,0,1,0,3,0,1,0
15,3343,4,2,28,1,1,1,4,5,0,0,0,1,0,0,0,0,0,0,1,3,0,0,1,0,1,0,0,0,0,0,1,0,0,1,0,1,1,0,3,0,0,1
24,3632,1,4,22,1,1,1,1,2,0,1,0,0,0,0,0,0,0,0,1,3,0,1,0,0,0,0,1,0,0,1,0,1,0,0,1,0,0,1,3,1,0,0
9,276,4,4,22,1,1,1,2,3,1,0,0,0,0,0,0,0,0,0,1,3,0,0,0,1,1,0,0,1,0,0,0,0,0,1,1,0,1,0,2,1,0,0
24,1525,4,3,34,1,2,1,4,3,1,0,0,0,0,0,0,0,0,0,4,4,0,1,0,0,1,0,0,0,0,1,0,0,0,1,0,1,1,0,3,0,1,0
24,1282,4,2,32,1,1,2,1,3,0,0,0,0,1,0,0,0,0,0,2,3,0,1,0,0,1,0,0,0,0,1,0,0,0,1,1,0,1,0,2,0,1,0
18,1940,3,4,36,1,1,1,1,2,0,0,0,0,1,0,0,0,0,0,1,2,0,0,1,0,0,1,0,0,0,0,1,1,0,0,0,1,1,0,4,0,0,1
6,3676,1,3,37,3,2,1,1,5,1,0,0,0,0,0,0,0,0,0,1,3,0,0,1,0,1,0,0,1,0,0,0,0,0,1,1,0,1,0,3,1,0,0
12,1858,4,1,22,1,1,1,1,3,0,0,0,1,0,0,0,0,0,0,1,2,0,1,0,0,1,0,0,0,0,1,0,0,0,1,1,0,1,0,3,1,0,0
24,8648,2,2,27,2,1,2,4,4,0,0,0,0,0,0,0,0,0,1,1,2,0,0,1,0,1,0,0,0,0,1,0,1,0,0,0,1,1,0,3,0,1,0
10,894,4,3,40,1,1,1,4,3,0,0,0,0,0,0,0,0,1,0,5,4,0,1,0,0,1,0,0,0,1,0,0,0,0,1,0,1,1,0,3,0,1,0
36,3079,4,4,36,1,1,1,4,3,1,0,0,0,0,0,0,0,0,0,5,3,0,0,1,0,1,0,0,1,0,0,0,0,0,1,1,0,1,0,3,0,1,0
24,1344,4,2,37,2,2,2,3,5,1,0,0,0,0,0,0,0,0,0,5,4,0,0,1,0,1,0,0,1,0,0,0,1,0,0,1,0,1,0,2,0,1,0
12,951,4,4,27,4,1,2,2,3,0,0,0,1,0,0,0,0,0,0,2,2,0,1,0,0,1,0,0,0,0,1,0,1,0,0,1,0,1,0,3,1,0,0
48,6143,4,4,58,2,1,2,1,5,0,1,0,0,0,0,0,0,0,0,1,5,0,1,0,0,1,0,0,0,0,0,1,0,1,0,1,0,1,0,2,0,0,1
12,4843,3,4,43,2,1,2,1,5,1,0,0,0,0,0,0,0,0,0,1,5,0,0,1,0,0,1,0,0,1,0,0,0,0,1,0,1,1,0,3,1,0,0
10,1546,3,2,31,1,2,1,4,3,1,0,0,0,0,0,0,0,0,0,1,3,0,0,1,0,1,0,0,1,0,0,0,0,0,1,1,0,0,1,2,0,1,0
48,4605,3,4,24,2,2,2,1,1,0,1,0,0,0,0,0,0,0,0,1,5,0,0,1,0,1,0,0,0,0,0,1,0,0,1,1,0,1,0,3,0,0,1
15,1316,2,2,47,2,1,1,4,5,0,0,0,0,1,0,0,0,0,0,3,3,0,0,0,1,1,0,0,0,1,0,0,0,0,1,1,0,1,0,2,0,1,0
6,14896,1,4,68,1,1,2,1,3,1,0,0,0,0,0,0,0,0,0,1,5,0,0,1,0,1,0,0,0,0,0,1,1,0,0,0,1,1,0,4,0,1,0
24,1851,4,2,33,2,1,1,4,5,0,0,0,0,1,0,0,0,0,0,1,4,0,0,0,1,0,0,1,0,0,1,0,0,0,1,0,1,1,0,3,0,1,0
30,8386,2,2,49,1,1,2,2,5,0,0,0,1,0,0,0,0,0,0,1,4,0,0,1,0,1,0,0,0,1,0,0,0,0,1,1,0,1,0,3,0,1,0
12,1995,4,1,27,1,1,1,2,5,1,0,0,0,0,0,0,0,0,0,2,2,0,0,1,0,1,0,0,0,0,1,0,0,0,1,1,0,1,0,3,0,1,0
24,2684,4,2,35,2,1,1,4,5,0,0,0,0,1,0,0,0,0,0,1,3,0,0,1,0,1,0,0,1,0,0,0,0,0,1,1,0,1,0,2,0,1,0
6,433,4,2,24,1,2,2,2,2,0,0,0,0,0,0,0,1,0,0,4,2,0,1,0,0,1,0,0,0,1,0,0,1,0,0,1,0,1,0,3,1,0,0
48,4844,3,2,33,1,1,2,4,3,0,0,0,0,0,0,0,0,0,1,1,1,0,0,1,0,1,0,0,0,0,1,0,1,0,0,0,1,1,0,4,1,0,0
36,2323,4,4,24,1,1,1,2,3,0,0,0,0,1,0,0,0,0,0,1,4,0,0,1,0,1,0,0,0,0,1,0,0,0,1,1,0,1,0,3,1,0,0
9,1288,3,4,48,2,2,1,1,5,0,0,0,0,0,0,1,0,0,0,2,5,0,0,1,0,0,0,1,1,0,0,0,0,0,1,1,0,0,1,3,0,1,0
21,2288,4,4,23,1,1,1,4,5,0,0,0,1,0,0,0,0,0,0,1,2,0,1,0,0,1,0,0,0,1,0,0,0,0,1,0,1,1,0,3,0,1,0
15,1053,4,2,27,1,1,1,1,3,0,0,0,0,1,0,0,0,0,0,1,2,0,0,0,1,1,0,0,1,0,0,0,0,0,1,1,0,0,1,3,0,1,0
12,2133,4,4,52,1,1,1,4,3,1,0,0,0,0,0,0,0,0,0,5,5,0,1,0,0,1,0,0,0,0,0,1,0,0,1,0,1,1,0,4,0,0,1
6,1543,4,2,33,1,1,1,4,3,0,0,0,1,0,0,0,0,0,0,4,3,1,0,0,0,1,0,0,1,0,0,0,0,0,1,1,0,1,0,3,0,1,0
24,3345,4,2,39,1,1,2,1,3,0,0,0,1,0,0,0,0,0,0,1,5,0,0,1,0,1,0,0,0,1,0,0,0,0,1,0,1,1,0,4,1,0,0
60,10366,2,4,42,1,1,1,4,3,1,0,0,0,0,0,0,0,0,0,1,5,0,0,1,0,1,0,0,0,1,0,0,0,0,1,0,1,1,0,4,0,1,0
21,3976,2,3,35,1,1,1,2,3,0,0,0,1,0,0,0,0,0,0,5,4,0,0,1,0,1,0,0,0,0,1,0,0,0,1,0,1,1,0,3,0,1,0
24,2197,4,4,43,2,2,1,4,5,0,1,0,0,0,0,0,0,0,0,5,4,0,0,1,0,1,0,0,0,0,1,0,0,0,1,0,1,1,0,3,0,1,0
60,14027,4,2,27,1,1,2,2,3,1,0,0,0,0,0,0,0,0,0,1,4,0,0,1,0,1,0,0,0,0,0,1,0,0,1,0,1,1,0,4,0,1,0
12,983,1,4,19,1,1,1,2,3,0,0,0,1,0,0,0,0,0,0,4,2,0,1,0,0,1,0,0,1,0,0,0,0,0,1,1,0,1,0,2,1,0,0
24,5743,2,4,24,2,1,1,2,5,0,0,0,0,0,0,0,1,0,0,1,2,0,1,0,0,1,0,0,0,0,0,1,0,0,1,0,1,1,0,3,0,0,1
9,1136,4,3,32,2,2,2,2,5,0,0,0,0,0,0,0,1,0,0,4,5,0,0,1,0,1,0,0,0,0,0,1,0,0,1,1,0,1,0,3,0,0,1
18,3190,2,2,24,1,1,2,1,3,0,0,0,0,1,0,0,0,0,0,1,3,0,1,0,0,1,0,0,1,0,0,0,0,0,1,1,0,1,0,3,0,1,0
48,18424,1,2,32,1,1,2,2,1,0,0,1,0,0,0,0,0,0,0,1,3,0,1,0,0,1,0,0,0,1,0,0,1,0,0,0,1,0,1,4,0,1,0
24,3123,4,1,27,1,1,2,1,3,1,0,0,0,0,0,0,0,0,0,1,2,0,1,0,0,1,0,0,0,1,0,0,0,0,1,1,0,1,0,3,0,1,0
12,1934,2,2,26,2,1,1,4,5,0,0,0,0,1,0,0,0,0,0,1,5,0,0,1,0,1,0,0,0,0,0,1,0,0,1,1,0,1,0,3,0,1,0
36,3349,4,2,28,1,1,2,4,3,0,0,0,1,0,0,0,0,0,0,1,3,0,1,0,0,1,0,0,0,0,1,0,0,0,1,0,1,1,0,4,0,1,0
15,5045,1,4,59,1,1,1,4,5,1,0,0,0,0,0,0,0,0,0,5,5,0,1,0,0,1,0,0,0,0,1,0,0,0,1,0,1,1,0,3,0,1,0
15,1514,4,2,22,1,1,1,2,3,0,0,0,0,0,0,1,0,0,0,2,3,0,0,1,0,0,0,1,1,0,0,0,0,0,1,1,0,1,0,3,0,1,0
15,1845,4,1,46,1,1,1,1,3,0,0,0,1,0,0,0,0,0,0,1,2,0,1,0,0,0,0,1,0,1,0,0,0,0,1,1,0,1,0,3,1,0,0
15,1264,2,2,25,1,1,2,2,2,1,0,0,0,0,0,0,0,0,0,2,3,0,0,0,1,1,0,0,0,1,0,0,0,0,1,1,0,1,0,3,1,0,0
6,428,2,1,49,1,1,1,1,3,0,0,0,1,0,0,0,0,0,0,1,5,0,1,0,0,1,0,0,0,1,0,0,1,0,0,0,1,1,0,3,0,1,0
36,12612,1,4,47,1,2,2,2,3,0,0,0,0,0,0,0,1,0,0,2,3,0,0,1,0,1,0,0,0,0,0,1,0,0,1,0,1,1,0,3,0,0,1
18,2779,1,3,21,1,1,1,2,3,0,1,0,0,0,0,0,0,0,0,1,3,0,0,0,1,1,0,0,0,0,1,0,0,0,1,0,1,1,0,3,1,0,0
30,4280,4,4,26,2,1,2,2,1,0,0,0,0,0,0,0,0,0,1,2,3,0,1,0,0,1,0,0,0,0,1,0,0,0,1,1,0,1,0,2,1,0,0
24,1940,4,4,60,1,1,1,4,5,1,0,0,0,0,0,0,0,0,0,4,5,0,0,1,0,1,0,0,1,0,0,0,0,0,1,0,1,1,0,3,0,1,0
24,999,4,2,25,2,1,1,4,3,0,0,0,0,1,0,0,0,0,0,5,5,0,0,1,0,1,0,0,0,0,1,0,0,0,1,1,0,1,0,3,0,1,0
13,1409,2,4,64,1,1,1,4,3,0,0,0,0,1,0,0,0,0,0,2,1,0,1,0,0,1,0,0,1,0,0,0,0,0,1,1,0,1,0,3,0,1,0
48,4308,3,4,24,1,1,2,1,3,0,0,0,0,0,0,0,0,0,1,1,2,0,1,0,0,1,0,0,0,1,0,0,0,0,1,1,0,1,0,3,1,0,0
15,1433,4,3,25,2,1,1,1,5,0,0,0,1,0,0,0,0,0,0,1,3,0,1,0,0,1,0,0,0,1,0,0,0,0,1,1,0,1,0,3,1,0,0
24,915,4,2,29,1,1,2,1,3,1,0,0,0,0,0,0,0,0,0,5,5,0,1,0,0,1,0,0,0,0,1,0,1,0,0,1,0,1,0,3,0,1,0
6,250,2,2,41,2,1,1,4,5,1,0,0,0,0,0,0,0,0,0,4,3,0,1,0,0,1,0,0,1,0,0,0,1,0,0,1,0,1,0,2,0,1,0
18,2238,2,1,25,2,1,1,4,5,0,0,0,0,1,0,0,0,0,0,1,3,0,1,0,0,1,0,0,0,0,1,0,0,0,1,1,0,1,0,3,0,1,0
15,3368,3,4,23,2,1,1,4,5,0,1,0,0,0,0,0,0,0,0,4,5,0,0,1,0,1,0,0,0,0,0,1,0,0,1,0,1,1,0,3,1,0,0
12,2762,1,2,25,1,1,2,2,3,0,0,0,1,0,0,0,0,0,0,5,5,0,1,0,0,1,0,0,0,1,0,0,1,0,0,0,1,1,0,3,0,1,0
18,1295,4,1,27,2,1,1,2,5,0,0,0,1,0,0,0,0,0,0,1,2,0,1,0,0,1,0,0,0,1,0,0,0,0,1,1,0,1,0,3,0,1,0
24,6313,3,4,41,1,2,1,4,3,0,1,0,0,0,0,0,0,0,0,5,5,0,0,1,0,1,0,0,0,0,1,0,0,0,1,0,1,1,0,4,0,1,0
24,3235,3,2,26,1,1,1,4,3,0,0,0,0,1,0,0,0,0,0,3,5,1,0,0,0,1,0,0,0,0,1,0,0,0,1,0,1,1,0,4,0,1,0
24,1967,4,4,20,1,1,1,2,3,0,0,0,0,1,0,0,0,0,0,1,5,0,1,0,0,1,0,0,0,0,1,0,0,0,1,0,1,1,0,3,0,1,0
15,1360,4,2,31,2,1,1,4,5,0,0,0,0,1,0,0,0,0,0,1,3,0,0,1,0,1,0,0,0,1,0,0,0,0,1,1,0,1,0,3,0,1,0
48,6758,3,2,31,1,1,2,1,3,0,0,0,0,1,0,0,0,0,0,1,3,0,1,0,0,1,0,0,0,0,1,0,0,0,1,0,1,1,0,3,0,1,0
12,3499,3,2,29,2,1,2,1,5,1,0,0,0,0,0,0,0,0,0,1,3,0,1,0,0,0,1,0,1,0,0,0,0,0,1,1,0,1,0,3,0,1,0
12,1884,4,4,39,1,1,1,4,3,1,0,0,0,0,0,0,0,0,0,1,5,0,0,1,0,1,0,0,0,0,1,0,0,0,1,0,1,1,0,4,0,1,0
12,1498,4,1,23,1,1,1,1,3,0,0,0,0,1,0,0,0,0,0,1,3,0,1,0,0,1,0,0,0,0,1,0,1,0,0,1,0,1,0,3,0,1,0
24,2039,1,1,22,1,1,2,2,3,0,0,0,0,1,0,0,0,0,0,1,2,0,0,0,1,1,0,0,0,1,0,0,0,0,1,0,1,1,0,3,0,1,0
5,3448,1,4,74,1,1,1,4,3,0,0,0,0,0,0,0,0,0,1,1,4,0,0,1,0,1,0,0,1,0,0,0,0,0,1,1,0,1,0,2,0,1,0
6,1382,1,1,28,2,1,1,4,5,0,0,0,0,1,0,0,0,0,0,1,3,0,1,0,0,1,0,0,0,0,1,0,0,0,1,0,1,1,0,3,0,1,0
12,3331,2,4,42,1,1,1,4,5,0,0,0,1,0,0,0,0,0,0,1,5,0,0,1,0,1,0,0,0,1,0,0,0,1,0,1,0,1,0,3,0,1,0
12,766,4,3,66,1,1,2,2,3,0,0,0,0,1,0,0,0,0,0,3,3,0,0,1,0,1,0,0,1,0,0,0,0,0,1,1,0,1,0,2,0,1,0
9,2134,4,4,48,3,1,1,4,5,1,0,0,0,0,0,0,0,0,0,1,3,0,0,1,0,1,0,0,0,0,1,0,0,0,1,0,1,1,0,3,0,1,0
24,3777,4,4,50,1,1,1,4,5,0,0,0,1,0,0,0,0,0,0,4,3,0,0,1,0,1,0,0,1,0,0,0,0,0,1,0,1,1,0,3,0,1,0
24,1381,4,2,35,1,1,2,1,3,1,0,0,0,0,0,0,0,0,0,5,3,0,1,0,0,1,0,0,0,1,0,0,0,0,1,1,0,1,0,3,0,1,0
36,2712,2,2,41,1,2,2,1,3,0,0,0,1,0,0,0,0,0,0,1,5,0,0,1,0,1,0,0,0,1,0,0,1,0,0,1,0,1,0,3,0,1,0
24,4057,3,3,43,1,1,2,2,3,0,0,0,1,0,0,0,0,0,0,1,4,1,0,0,0,1,0,0,0,0,1,0,0,0,1,0,1,1,0,3,0,1,0
30,5771,4,2,25,2,1,1,4,5,0,0,0,0,1,0,0,0,0,0,1,4,0,1,0,0,1,0,0,0,0,1,0,0,0,1,1,0,1,0,3,0,1,0
12,1495,4,1,38,2,2,1,4,5,1,0,0,0,0,0,0,0,0,0,1,5,0,0,1,0,1,0,0,1,0,0,0,0,0,1,1,0,1,0,2,0,1,0
12,674,4,1,20,1,1,2,1,3,0,0,0,0,1,0,0,0,0,0,2,4,0,0,0,1,1,0,0,0,1,0,0,0,0,1,1,0,1,0,3,0,1,0
24,2718,3,4,20,1,1,2,2,3,1,0,0,0,0,0,0,0,0,0,1,3,0,1,0,0,1,0,0,0,1,0,0,0,0,1,0,1,1,0,2,1,0,0
24,1358,4,3,40,1,1,2,1,2,0,0,1,0,0,0,0,0,0,0,5,5,0,0,1,0,1,0,0,0,0,1,0,0,1,0,0,1,1,0,4,0,1,0
8,1414,4,2,33,1,1,1,2,3,0,0,0,0,1,0,0,0,0,0,1,3,0,0,1,0,0,0,1,1,0,0,0,0,0,1,1,0,0,1,3,0,1,0
39,11760,2,3,32,1,1,1,2,4,0,0,0,0,0,0,0,1,0,0,2,4,0,0,1,0,1,0,0,0,0,0,1,0,0,1,0,1,1,0,3,1,0,0
33,7253,3,2,35,2,1,1,4,5,0,1,0,0,0,0,0,0,0,0,1,4,0,0,1,0,1,0,0,0,0,1,0,0,0,1,0,1,1,0,4,0,1,0
9,1980,2,2,19,2,1,2,4,3,0,0,0,1,0,0,0,0,0,0,1,2,0,1,0,0,0,1,0,0,0,1,0,0,0,1,1,0,1,0,3,1,0,0
9,1337,4,2,34,2,1,2,3,1,0,0,0,0,1,0,0,0,0,0,1,2,0,0,1,0,1,0,0,0,0,1,0,0,0,1,0,1,1,0,4,0,1,0
27,8613,2,2,27,2,1,1,4,4,0,1,0,0,0,0,0,0,0,0,4,3,0,0,1,0,1,0,0,0,0,1,0,0,0,1,1,0,1,0,3,0,1,0
18,1028,4,3,36,2,1,1,4,5,1,0,0,0,0,0,0,0,0,0,1,3,0,1,0,0,1,0,0,1,0,0,0,0,0,1,1,0,1,0,3,0,1,0
12,2214,4,3,24,1,1,1,1,3,0,0,0,0,1,0,0,0,0,0,1,3,0,0,1,0,1,0,0,0,1,0,0,0,0,1,1,0,1,0,2,0,1,0
30,2333,4,2,30,1,1,1,4,3,0,0,0,0,1,0,0,0,0,0,3,5,0,0,1,0,1,0,0,0,0,1,0,1,0,0,1,0,1,0,4,0,1,0
11,3905,2,2,36,2,2,1,1,5,1,0,0,0,0,0,0,0,0,0,1,3,0,0,1,0,1,0,0,1,0,0,0,0,0,1,1,0,1,0,3,1,0,0
9,1449,3,2,27,2,1,1,4,3,0,0,0,0,0,0,0,0,0,1,1,4,0,1,0,0,1,0,0,0,0,1,0,0,0,1,1,0,1,0,3,0,1,0
10,781,4,4,63,2,1,1,3,5,1,0,0,0,0,0,0,0,0,0,1,5,0,0,1,0,1,0,0,0,0,0,1,0,0,1,0,1,1,0,3,0,0,1
21,571,4,4,65,2,1,1,1,5,1,0,0,0,0,0,0,0,0,0,1,5,0,0,1,0,1,0,0,1,0,0,0,0,0,1,1,0,1,0,3,0,1,0
24,1333,4,2,43,2,2,2,1,4,1,0,0,0,0,0,0,0,0,0,1,1,0,0,1,0,1,0,0,1,0,0,0,0,0,1,1,0,1,0,3,0,0,1
10,2315,3,4,52,1,1,1,1,3,0,0,0,0,1,0,0,0,0,0,1,5,0,0,1,0,1,0,0,1,0,0,0,0,0,1,1,0,1,0,2,0,1,0
12,1410,2,2,31,1,1,1,2,1,0,0,0,0,0,0,0,0,1,0,1,3,0,0,1,0,1,0,0,1,0,0,0,0,0,1,0,1,1,0,2,0,1,0
12,6468,2,1,52,1,1,2,2,3,0,0,0,0,1,0,0,0,0,0,5,1,0,0,1,0,1,0,0,0,0,0,1,0,0,1,0,1,1,0,4,0,1,0
24,1603,4,4,55,1,1,1,1,3,0,0,0,0,1,0,0,0,0,0,1,5,0,1,0,0,1,0,0,0,0,1,0,0,0,1,1,0,1,0,3,0,1,0
36,3620,1,2,37,1,2,1,1,3,0,0,0,1,0,0,0,0,0,0,1,3,0,0,1,0,0,0,1,0,1,0,0,0,0,1,1,0,1,0,3,0,1,0
6,1898,1,2,34,2,2,1,4,5,0,0,0,0,1,0,0,0,0,0,5,3,0,0,1,0,1,0,0,1,0,0,0,0,0,1,1,0,1,0,2,0,1,0
14,8978,1,4,45,1,1,2,1,3,1,0,0,0,0,0,0,0,0,0,1,5,1,0,0,0,1,0,0,0,1,0,0,0,0,1,0,1,0,1,4,0,1,0
12,2577,2,1,42,1,1,1,1,3,0,0,0,1,0,0,0,0,0,0,1,3,1,0,0,0,1,0,0,0,0,1,0,0,0,1,1,0,1,0,3,0,1,0
24,3092,3,2,22,1,1,2,2,3,0,0,0,0,1,0,0,0,0,0,2,2,0,0,0,1,1,0,0,0,0,1,0,0,0,1,0,1,1,0,3,1,0,0
18,1301,4,2,32,1,1,1,2,3,0,0,0,0,1,0,0,0,0,0,1,5,0,0,0,1,0,0,1,1,0,0,0,0,0,1,1,0,1,0,2,0,1,0
12,2279,4,4,37,1,1,1,4,3,0,0,0,0,1,0,0,0,0,0,5,3,0,0,1,0,1,0,0,0,0,0,1,0,0,1,0,1,1,0,3,0,0,1
36,3990,3,2,29,1,1,1,2,2,0,0,0,0,0,1,0,0,0,0,5,2,0,1,0,0,1,0,0,0,0,0,1,1,0,0,1,0,1,0,1,0,1,0
12,1935,4,4,43,3,1,1,4,5,0,0,0,1,0,0,0,0,0,0,1,5,0,0,1,0,1,0,0,1,0,0,0,0,0,1,0,1,1,0,3,0,1,0
12,1657,2,2,27,1,1,1,1,3,0,0,0,1,0,0,0,0,0,0,1,3,0,0,1,0,1,0,0,1,0,0,0,0,0,1,1,0,1,0,3,0,1,0
24,5804,4,2,27,2,1,1,4,5,0,1,0,0,0,0,0,0,0,0,4,3,0,0,1,0,1,0,0,1,0,0,0,0,0,1,1,0,1,0,3,0,1,0
30,5954,3,2,38,1,1,1,4,5,0,0,0,0,1,0,0,0,0,0,1,4,0,0,1,0,0,1,0,0,0,1,0,0,0,1,1,0,1,0,3,0,1,0
8,1237,3,4,24,1,1,2,2,3,0,0,0,1,0,0,0,0,0,0,1,3,0,1,0,0,1,0,0,1,0,0,0,0,0,1,1,0,1,0,3,0,1,0
12,2149,4,1,29,1,1,2,1,2,0,0,0,0,1,0,0,0,0,0,1,3,1,0,0,0,1,0,0,0,0,0,1,0,0,1,1,0,1,0,3,0,0,1
36,7855,4,2,25,2,1,2,4,5,1,0,0,0,0,0,0,0,0,0,1,3,0,1,0,0,1,0,0,1,0,0,0,0,1,0,0,1,1,0,3,0,1,0
27,8318,2,4,42,2,1,2,2,1,0,0,0,0,0,0,0,0,0,1,1,5,0,1,0,0,1,0,0,0,0,0,1,0,0,1,0,1,1,0,4,0,0,1
21,1188,2,4,39,1,2,2,2,3,0,0,0,0,0,0,0,0,0,1,1,5,0,1,0,0,1,0,0,0,1,0,0,0,0,1,1,0,1,0,3,0,1,0
24,1376,4,1,28,1,1,1,4,3,0,0,0,0,1,0,0,0,0,0,3,4,0,1,0,0,1,0,0,0,0,1,0,0,0,1,1,0,1,0,3,0,1,0
24,1552,3,1,32,1,2,1,4,3,0,0,0,0,1,0,0,0,0,0,1,4,0,0,1,0,1,0,0,0,0,1,0,1,0,0,1,0,1,0,3,0,1,0
24,1413,4,2,28,1,1,1,4,3,0,0,0,0,1,0,0,0,0,0,1,3,0,0,0,1,1,0,0,0,1,0,0,0,0,1,1,0,1,0,3,0,1,0
48,7238,3,3,32,2,2,1,4,4,0,0,0,0,1,0,0,0,0,0,5,5,0,0,1,0,1,0,0,0,0,1,0,1,0,0,1,0,1,0,3,0,1,0
27,4526,4,2,32,2,2,1,4,5,0,0,0,1,0,0,0,0,0,0,4,2,0,0,1,0,1,0,0,1,0,0,0,0,1,0,0,1,1,0,2,0,1,0
10,1521,4,2,31,1,1,1,2,3,0,0,0,1,0,0,0,0,0,0,1,3,1,0,0,0,1,0,0,0,0,1,0,0,0,1,1,0,1,0,2,0,1,0
18,2659,4,2,28,1,1,1,1,3,0,0,0,1,0,0,0,0,0,0,4,3,0,0,1,0,1,0,0,0,0,1,0,0,0,1,1,0,1,0,3,0,1,0
7,730,4,2,46,2,1,1,4,5,0,0,0,0,1,0,0,0,0,0,5,5,0,0,1,0,1,0,0,0,1,0,0,0,0,1,0,1,1,0,2,1,0,0
48,11590,2,4,24,2,1,2,4,5,0,1,0,0,0,0,0,0,0,0,2,3,0,1,0,0,1,0,0,0,0,1,0,1,0,0,1,0,1,0,2,1,0,0
48,10127,2,2,44,1,1,2,4,5,1,0,0,0,0,0,0,0,0,0,3,3,0,0,1,0,1,0,0,0,0,0,1,1,0,0,1,0,1,0,3,0,0,1
6,2080,1,2,24,1,1,1,4,5,1,0,0,0,0,0,0,0,0,0,3,3,0,0,0,1,1,0,0,0,0,1,0,0,0,1,1,0,1,0,3,0,1,0
36,2145,2,1,24,2,1,2,1,4,0,0,0,0,0,0,0,0,0,1,1,4,0,0,1,0,1,0,0,0,0,1,0,0,0,1,0,1,1,0,3,0,1,0
6,2978,1,2,32,1,1,1,4,3,0,0,0,1,0,0,0,0,0,0,3,3,0,0,1,0,1,0,0,0,0,1,0,0,0,1,0,1,1,0,3,0,1,0
36,2394,4,4,25,1,1,1,4,3,0,0,0,0,1,0,0,0,0,0,5,3,0,1,0,0,1,0,0,0,0,1,0,0,0,1,1,0,1,0,3,0,1,0
12,996,4,4,23,2,1,1,4,5,0,0,0,0,0,0,1,0,0,0,5,4,0,1,0,0,1,0,0,1,0,0,0,0,0,1,1,0,1,0,3,0,1,0
24,929,4,2,31,1,1,1,4,3,0,0,0,1,0,0,0,0,0,0,5,4,0,0,1,0,1,0,0,0,0,1,0,0,1,0,0,1,1,0,3,0,1,0
24,2284,4,2,28,1,1,1,4,3,0,0,0,0,1,0,0,0,0,0,1,4,0,0,1,0,1,0,0,0,0,1,0,0,0,1,0,1,1,0,3,0,1,0
18,5302,2,4,36,3,1,1,1,5,1,0,0,0,0,0,0,0,0,0,1,5,0,0,1,0,1,0,0,0,0,0,1,0,0,1,0,1,1,0,4,0,0,1
12,1037,3,4,39,1,1,1,2,3,0,0,0,0,0,0,0,0,0,1,2,4,0,0,1,0,1,0,0,1,0,0,0,0,0,1,1,0,1,0,2,0,1,0
30,2406,4,4,23,1,1,2,1,3,0,0,0,1,0,0,0,0,0,0,1,4,0,1,0,0,1,0,0,1,0,0,0,0,0,1,1,0,1,0,3,1,0,0
12,1262,2,4,49,1,1,1,1,3,0,0,0,1,0,0,0,0,0,0,5,5,1,0,0,0,1,0,0,0,1,0,0,0,0,1,0,1,1,0,2,0,1,0
6,3518,2,3,26,1,1,1,4,3,1,0,0,0,0,0,0,0,0,0,1,3,0,0,1,0,0,0,1,0,1,0,0,0,0,1,1,0,1,0,3,1,0,0
12,2028,4,2,30,1,1,1,2,3,0,1,0,0,0,0,0,0,0,0,5,3,0,0,1,0,1,0,0,0,0,1,0,0,0,1,1,0,1,0,3,0,1,0
16,1175,2,3,68,3,1,1,2,5,1,0,0,0,0,0,0,0,0,0,1,1,0,0,1,0,1,0,0,0,0,1,0,0,0,1,0,1,1,0,1,0,0,1
6,1740,2,2,30,2,1,1,4,5,0,0,0,0,1,0,0,0,0,0,1,5,0,0,0,1,1,0,0,1,0,0,0,0,0,1,1,0,1,0,3,1,0,0
12,3573,1,1,23,1,1,1,2,5,0,0,0,0,1,0,0,0,0,0,1,3,0,1,0,0,1,0,0,1,0,0,0,0,0,1,1,0,1,0,2,0,1,0
54,15945,3,4,58,1,1,2,2,1,0,0,0,0,0,0,0,0,0,1,1,2,0,0,1,0,1,0,0,0,0,0,1,0,0,1,0,1,1,0,3,1,0,0
12,1282,2,4,20,1,1,2,1,3,0,0,0,1,0,0,0,0,0,0,1,3,0,1,0,0,1,0,0,0,0,1,0,0,0,1,1,0,1,0,3,1,0,0
21,3763,2,2,24,1,1,1,1,3,1,0,0,0,0,0,0,0,0,0,5,4,0,0,1,0,0,1,0,1,0,0,0,0,0,1,1,0,0,1,2,0,1,0
12,409,3,3,42,2,1,1,3,2,0,0,0,0,1,0,0,0,0,0,4,3,0,1,0,0,1,0,0,1,0,0,0,0,0,1,1,0,1,0,3,1,0,0
24,5507,3,4,44,2,1,1,4,5,0,0,0,0,0,0,1,0,0,0,1,5,0,0,1,0,1,0,0,0,0,0,1,0,0,1,1,0,1,0,3,0,0,1
24,4020,2,2,27,1,1,1,1,3,0,0,0,1,0,0,0,0,0,0,1,3,0,0,1,0,1,0,0,0,0,1,0,0,1,0,1,0,1,0,3,0,1,0
30,6187,1,4,24,2,1,1,1,5,0,1,0,0,0,0,0,0,0,0,2,4,0,0,0,1,1,0,0,0,0,1,0,0,0,1,1,0,1,0,3,1,0,0
12,609,4,1,26,1,1,2,3,2,0,0,0,0,0,0,0,0,0,1,1,2,0,1,0,0,1,0,0,1,0,0,0,0,0,1,1,0,1,0,1,0,1,0
18,3850,3,1,27,2,1,1,4,5,0,1,0,0,0,0,0,0,0,0,1,4,0,0,1,0,1,0,0,0,0,1,0,0,0,1,1,0,1,0,3,0,1,0
24,1987,2,4,21,1,2,2,1,3,0,0,0,0,1,0,0,0,0,0,1,3,0,0,1,0,1,0,0,1,0,0,0,0,0,1,1,0,1,0,2,1,0,0
15,2511,1,4,23,1,1,1,1,3,1,0,0,0,0,0,0,0,0,0,1,1,0,1,0,0,1,0,0,0,0,1,0,0,0,1,1,0,1,0,3,1,0,0
48,7476,4,1,50,1,1,1,1,3,0,0,0,0,0,0,0,1,0,0,1,4,0,0,1,0,1,0,0,0,0,0,1,0,0,1,0,1,1,0,4,0,0,1
28,4006,3,2,45,1,1,2,1,3,1,0,0,0,0,0,0,0,0,0,1,3,0,0,1,0,1,0,0,0,0,1,0,0,0,1,1,0,1,0,2,0,1,0
12,1291,4,2,35,2,1,1,4,5,0,0,0,0,1,0,0,0,0,0,1,3,0,1,0,0,1,0,0,0,1,0,0,0,0,1,1,0,1,0,3,0,1,0
6,1957,1,4,31,1,1,1,1,5,0,0,0,0,1,0,0,0,0,0,1,4,0,1,0,0,1,0,0,0,0,1,0,0,0,1,1,0,1,0,3,0,1,0
6,590,3,3,26,1,1,1,2,3,0,0,0,0,1,0,0,0,0,0,1,2,0,0,0,1,1,0,0,1,0,0,0,0,0,1,1,0,0,1,2,0,1,0
6,1554,1,2,24,2,1,1,4,5,0,0,0,0,1,0,0,0,0,0,1,4,0,1,0,0,1,0,0,0,0,1,0,0,0,1,0,1,1,0,3,1,0,0
4,1455,2,1,42,3,2,1,4,5,1,0,0,0,0,0,0,0,0,0,1,4,0,0,1,0,1,0,0,1,0,0,0,0,0,1,1,0,1,0,2,0,1,0
12,1555,4,4,55,2,2,2,4,4,0,0,0,0,0,0,1,0,0,0,4,5,0,0,1,0,1,0,0,0,0,0,1,0,0,1,1,0,1,0,3,0,0,1
12,7865,4,4,53,1,1,2,1,3,0,0,0,1,0,0,0,0,0,0,1,5,0,0,1,0,1,0,0,0,0,0,1,0,0,1,0,1,1,0,4,0,0,1
15,950,4,3,33,2,2,2,1,1,1,0,0,0,0,0,0,0,0,0,1,5,0,0,1,0,1,0,0,0,0,1,0,0,0,1,1,0,1,0,3,1,0,0
12,2247,2,2,36,2,1,1,3,4,1,0,0,0,0,0,0,0,0,0,1,3,0,1,0,0,1,0,0,0,0,1,0,0,1,0,0,1,1,0,3,0,1,0
36,8065,3,2,25,2,1,2,1,5,0,0,0,0,0,0,0,1,0,0,1,3,0,1,0,0,1,0,0,0,0,0,1,0,0,1,0,1,1,0,4,0,1,0
24,2603,2,4,28,1,1,1,4,3,0,1,0,0,0,0,0,0,0,0,4,3,0,1,0,0,1,0,0,0,0,1,0,0,0,1,0,1,1,0,3,1,0,0
24,1585,4,3,40,2,1,1,4,5,0,0,0,1,0,0,0,0,0,0,1,4,0,0,1,0,1,0,0,0,1,0,0,0,0,1,1,0,1,0,3,0,1,0
15,1403,2,4,28,1,1,1,1,3,1,0,0,0,0,0,0,0,0,0,1,3,0,1,0,0,1,0,0,0,0,1,0,0,0,1,1,0,1,0,3,1,0,0
6,932,1,3,39,2,1,1,2,5,0,0,0,0,0,0,0,0,1,0,5,4,0,1,0,0,1,0,0,0,1,0,0,0,0,1,1,0,1,0,2,0,1,0
28,7824,3,4,40,2,2,1,4,2,0,1,0,0,0,0,0,0,0,0,5,2,0,0,1,0,0,0,1,1,0,0,0,1,0,0,0,1,1,0,3,1,0,0
12,684,4,4,40,1,2,2,1,3,0,0,0,0,0,0,0,1,0,0,1,3,0,0,1,0,1,0,0,0,0,1,0,0,0,1,1,0,1,0,2,1,0,0
9,1364,3,4,59,1,1,1,1,3,0,0,0,0,1,0,0,0,0,0,1,4,0,0,1,0,1,0,0,1,0,0,0,0,0,1,1,0,1,0,3,0,1,0
24,4679,3,3,35,2,1,1,4,4,0,1,0,0,0,0,0,0,0,0,1,4,0,0,1,0,1,0,0,0,0,1,0,0,0,1,0,1,1,0,2,0,1,0
